slot,latency_us,deadline_miss,emulation_mode,measurement_type
0,525462.000,1,wsl2-mmap-shm-fallback,synchronous-cpu-ipc
1,20791.000,1,wsl2-mmap-shm-fallback,synchronous-cpu-ipc
2,20064.000,1,wsl2-mmap-shm-fallback,synchronous-cpu-ipc
3,19210.000,1,wsl2-mmap-shm-fallback,synchronous-cpu-ipc
4,27976.000,1,wsl2-mmap-shm-fallback,synchronous-cpu-ipc
5,16654.000,1,wsl2-mmap-shm-fallback,synchronous-cpu-ipc
6,16815.000,1,wsl2-mmap-shm-fallback,synchronous-cpu-ipc
7,17576.000,1,wsl2-mmap-shm-fallback,synchronous-cpu-ipc
8,18105.000,1,wsl2-mmap-shm-fallback,synchronous-cpu-ipc
9,19503.000,1,wsl2-mmap-shm-fallback,synchronous-cpu-ipc
10,20125.000,1,wsl2-mmap-shm-fallback,synchronous-cpu-ipc
11,14499.000,1,wsl2-mmap-shm-fallback,synchronous-cpu-ipc
12,15460.000,1,wsl2-mmap-shm-fallback,synchronous-cpu-ipc
13,15346.000,1,wsl2-mmap-shm-fallback,synchronous-cpu-ipc
14,18721.000,1,wsl2-mmap-shm-fallback,synchronous-cpu-ipc
15,32170.000,1,wsl2-mmap-shm-fallback,synchronous-cpu-ipc
16,20978.000,1,wsl2-mmap-shm-fallback,synchronous-cpu-ipc
17,16259.000,1,wsl2-mmap-shm-fallback,synchronous-cpu-ipc
18,24910.000,1,wsl2-mmap-shm-fallback,synchronous-cpu-ipc
19,19051.000,1,wsl2-mmap-shm-fallback,synchronous-cpu-ipc
20,18646.000,1,wsl2-mmap-shm-fallback,synchronous-cpu-ipc
21,21681.000,1,wsl2-mmap-shm-fallback,synchronous-cpu-ipc
22,18449.000,1,wsl2-mmap-shm-fallback,synchronous-cpu-ipc
23,18814.000,1,wsl2-mmap-shm-fallback,synchronous-cpu-ipc
24,18393.000,1,wsl2-mmap-shm-fallback,synchronous-cpu-ipc
25,16587.000,1,wsl2-mmap-shm-fallback,synchronous-cpu-ipc
26,18547.000,1,wsl2-mmap-shm-fallback,synchronous-cpu-ipc
27,18424.000,1,wsl2-mmap-shm-fallback,synchronous-cpu-ipc
28,18556.000,1,wsl2-mmap-shm-fallback,synchronous-cpu-ipc
29,18445.000,1,wsl2-mmap-shm-fallback,synchronous-cpu-ipc
30,17762.000,1,wsl2-mmap-shm-fallback,synchronous-cpu-ipc
31,18630.000,1,wsl2-mmap-shm-fallback,synchronous-cpu-ipc
32,18095.000,1,wsl2-mmap-shm-fallback,synchronous-cpu-ipc
33,18054.000,1,wsl2-mmap-shm-fallback,synchronous-cpu-ipc
34,19782.000,1,wsl2-mmap-shm-fallback,synchronous-cpu-ipc
35,20208.000,1,wsl2-mmap-shm-fallback,synchronous-cpu-ipc
36,18293.000,1,wsl2-mmap-shm-fallback,synchronous-cpu-ipc
37,18214.000,1,wsl2-mmap-shm-fallback,synchronous-cpu-ipc
38,18786.000,1,wsl2-mmap-shm-fallback,synchronous-cpu-ipc
39,16465.000,1,wsl2-mmap-shm-fallback,synchronous-cpu-ipc
40,20473.000,1,wsl2-mmap-shm-fallback,synchronous-cpu-ipc
41,13429.000,1,wsl2-mmap-shm-fallback,synchronous-cpu-ipc
42,16643.000,1,wsl2-mmap-shm-fallback,synchronous-cpu-ipc
43,14645.000,1,wsl2-mmap-shm-fallback,synchronous-cpu-ipc
44,12350.000,1,wsl2-mmap-shm-fallback,synchronous-cpu-ipc
45,15504.000,1,wsl2-mmap-shm-fallback,synchronous-cpu-ipc
46,18826.000,1,wsl2-mmap-shm-fallback,synchronous-cpu-ipc
47,24614.000,1,wsl2-mmap-shm-fallback,synchronous-cpu-ipc
48,14177.000,1,wsl2-mmap-shm-fallback,synchronous-cpu-ipc
49,16249.000,1,wsl2-mmap-shm-fallback,synchronous-cpu-ipc
50,14715.000,1,wsl2-mmap-shm-fallback,synchronous-cpu-ipc
51,11464.000,1,wsl2-mmap-shm-fallback,synchronous-cpu-ipc
52,23502.000,1,wsl2-mmap-shm-fallback,synchronous-cpu-ipc
53,18967.000,1,wsl2-mmap-shm-fallback,synchronous-cpu-ipc
54,24119.000,1,wsl2-mmap-shm-fallback,synchronous-cpu-ipc
55,22409.000,1,wsl2-mmap-shm-fallback,synchronous-cpu-ipc
56,22940.000,1,wsl2-mmap-shm-fallback,synchronous-cpu-ipc
57,18736.000,1,wsl2-mmap-shm-fallback,synchronous-cpu-ipc
58,15313.000,1,wsl2-mmap-shm-fallback,synchronous-cpu-ipc
59,18456.000,1,wsl2-mmap-shm-fallback,synchronous-cpu-ipc
60,15176.000,1,wsl2-mmap-shm-fallback,synchronous-cpu-ipc
61,14151.000,1,wsl2-mmap-shm-fallback,synchronous-cpu-ipc
62,19458.000,1,wsl2-mmap-shm-fallback,synchronous-cpu-ipc
63,23361.000,1,wsl2-mmap-shm-fallback,synchronous-cpu-ipc
64,12860.000,1,wsl2-mmap-shm-fallback,synchronous-cpu-ipc
65,19633.000,1,wsl2-mmap-shm-fallback,synchronous-cpu-ipc
66,18396.000,1,wsl2-mmap-shm-fallback,synchronous-cpu-ipc
67,19473.000,1,wsl2-mmap-shm-fallback,synchronous-cpu-ipc
68,18311.000,1,wsl2-mmap-shm-fallback,synchronous-cpu-ipc
69,20805.000,1,wsl2-mmap-shm-fallback,synchronous-cpu-ipc
70,19888.000,1,wsl2-mmap-shm-fallback,synchronous-cpu-ipc
71,15914.000,1,wsl2-mmap-shm-fallback,synchronous-cpu-ipc
72,17431.000,1,wsl2-mmap-shm-fallback,synchronous-cpu-ipc
73,20788.000,1,wsl2-mmap-shm-fallback,synchronous-cpu-ipc
74,21205.000,1,wsl2-mmap-shm-fallback,synchronous-cpu-ipc
75,17698.000,1,wsl2-mmap-shm-fallback,synchronous-cpu-ipc
76,17562.000,1,wsl2-mmap-shm-fallback,synchronous-cpu-ipc
77,18314.000,1,wsl2-mmap-shm-fallback,synchronous-cpu-ipc
78,17913.000,1,wsl2-mmap-shm-fallback,synchronous-cpu-ipc
79,20023.000,1,wsl2-mmap-shm-fallback,synchronous-cpu-ipc
80,19133.000,1,wsl2-mmap-shm-fallback,synchronous-cpu-ipc
81,18135.000,1,wsl2-mmap-shm-fallback,synchronous-cpu-ipc
82,17320.000,1,wsl2-mmap-shm-fallback,synchronous-cpu-ipc
83,18358.000,1,wsl2-mmap-shm-fallback,synchronous-cpu-ipc
84,21841.000,1,wsl2-mmap-shm-fallback,synchronous-cpu-ipc
85,18545.000,1,wsl2-mmap-shm-fallback,synchronous-cpu-ipc
86,18310.000,1,wsl2-mmap-shm-fallback,synchronous-cpu-ipc
87,18399.000,1,wsl2-mmap-shm-fallback,synchronous-cpu-ipc
88,17480.000,1,wsl2-mmap-shm-fallback,synchronous-cpu-ipc
89,18815.000,1,wsl2-mmap-shm-fallback,synchronous-cpu-ipc
90,18561.000,1,wsl2-mmap-shm-fallback,synchronous-cpu-ipc
91,19306.000,1,wsl2-mmap-shm-fallback,synchronous-cpu-ipc
92,17388.000,1,wsl2-mmap-shm-fallback,synchronous-cpu-ipc
93,18096.000,1,wsl2-mmap-shm-fallback,synchronous-cpu-ipc
94,20740.000,1,wsl2-mmap-shm-fallback,synchronous-cpu-ipc
95,18850.000,1,wsl2-mmap-shm-fallback,synchronous-cpu-ipc
96,20306.000,1,wsl2-mmap-shm-fallback,synchronous-cpu-ipc
97,20889.000,1,wsl2-mmap-shm-fallback,synchronous-cpu-ipc
98,22693.000,1,wsl2-mmap-shm-fallback,synchronous-cpu-ipc
99,13366.000,1,wsl2-mmap-shm-fallback,synchronous-cpu-ipc
