sample_id,t_base_ns,t_probe_ns,overhead_ns,reps_per_run,cb_bits,emulation_mode
0,199049.7,240626.6,41577.0,1000,9216,wsl2-mmap-shm-fallback
1,200784.3,266358.4,65574.1,1000,9216,wsl2-mmap-shm-fallback
2,202105.3,230977.4,28872.2,1000,9216,wsl2-mmap-shm-fallback
3,201663.0,230400.0,28737.0,1000,9216,wsl2-mmap-shm-fallback
4,201222.7,215831.4,14608.7,1000,9216,wsl2-mmap-shm-fallback
5,200347.8,220478.5,20130.6,1000,9216,wsl2-mmap-shm-fallback
6,203893.8,228118.8,24225.0,1000,9216,wsl2-mmap-shm-fallback
7,207567.6,207101.1,-466.4,1000,9216,wsl2-mmap-shm-fallback
8,203893.8,207567.6,3673.8,1000,9216,wsl2-mmap-shm-fallback
9,204800.0,208506.8,3706.8,1000,9216,wsl2-mmap-shm-fallback
10,201663.0,209931.7,8268.6,1000,9216,wsl2-mmap-shm-fallback
11,202995.6,217872.3,14876.7,1000,9216,wsl2-mmap-shm-fallback
12,213828.3,222072.3,8244.0,1000,9216,wsl2-mmap-shm-fallback
13,208036.1,244456.2,36420.1,1000,9216,wsl2-mmap-shm-fallback
14,207101.1,204345.9,-2755.2,1000,9216,wsl2-mmap-shm-fallback
15,200347.8,227555.6,27207.7,1000,9216,wsl2-mmap-shm-fallback
16,218907.4,203893.8,-15013.6,1000,9216,wsl2-mmap-shm-fallback
17,203443.7,224780.5,21336.8,1000,9216,wsl2-mmap-shm-fallback
18,207101.1,236307.7,29206.6,1000,9216,wsl2-mmap-shm-fallback
19,218388.6,226995.1,8606.4,1000,9216,wsl2-mmap-shm-fallback
20,198620.7,210892.4,12271.8,1000,9216,wsl2-mmap-shm-fallback
21,212840.6,227555.6,14714.9,1000,9216,wsl2-mmap-shm-fallback
22,201222.7,239376.6,38153.9,1000,9216,wsl2-mmap-shm-fallback
23,224233.6,205714.3,-18519.3,1000,9216,wsl2-mmap-shm-fallback
24,211862.1,206174.5,-5687.6,1000,9216,wsl2-mmap-shm-fallback
25,203893.8,206174.5,2280.7,1000,9216,wsl2-mmap-shm-fallback
26,211376.1,205256.1,-6120.0,1000,9216,wsl2-mmap-shm-fallback
27,208979.6,206636.8,-2342.8,1000,9216,wsl2-mmap-shm-fallback
28,207101.1,208506.8,1405.7,1000,9216,wsl2-mmap-shm-fallback
29,209454.5,217872.3,8417.8,1000,9216,wsl2-mmap-shm-fallback
30,203443.7,210411.0,6967.3,1000,9216,wsl2-mmap-shm-fallback
31,203443.7,211862.1,8418.4,1000,9216,wsl2-mmap-shm-fallback
32,202105.3,212350.2,10245.0,1000,9216,wsl2-mmap-shm-fallback
33,199480.5,209454.5,9974.0,1000,9216,wsl2-mmap-shm-fallback
34,208506.8,229825.4,21318.6,1000,9216,wsl2-mmap-shm-fallback
35,227555.6,212350.2,-15205.3,1000,9216,wsl2-mmap-shm-fallback
36,232141.1,206636.8,-25504.3,1000,9216,wsl2-mmap-shm-fallback
37,204800.0,206174.5,1374.5,1000,9216,wsl2-mmap-shm-fallback
38,197344.8,211862.1,14517.3,1000,9216,wsl2-mmap-shm-fallback
39,199049.7,207567.6,8517.9,1000,9216,wsl2-mmap-shm-fallback
40,198193.5,209454.5,11261.0,1000,9216,wsl2-mmap-shm-fallback
41,196923.1,202995.6,6072.5,1000,9216,wsl2-mmap-shm-fallback
42,220478.5,203893.8,-16584.7,1000,9216,wsl2-mmap-shm-fallback
43,196923.1,203443.7,6520.6,1000,9216,wsl2-mmap-shm-fallback
44,238756.5,207101.1,-31655.4,1000,9216,wsl2-mmap-shm-fallback
45,201222.7,201663.0,440.3,1000,9216,wsl2-mmap-shm-fallback
46,217872.3,202105.3,-15767.1,1000,9216,wsl2-mmap-shm-fallback
47,235102.0,202105.3,-32996.8,1000,9216,wsl2-mmap-shm-fallback
48,229253.7,202549.5,-26704.3,1000,9216,wsl2-mmap-shm-fallback
49,201663.0,203893.8,2230.8,1000,9216,wsl2-mmap-shm-fallback
50,202105.3,219428.6,17323.3,1000,9216,wsl2-mmap-shm-fallback
51,220478.5,203443.7,-17034.8,1000,9216,wsl2-mmap-shm-fallback
52,204800.0,209454.5,4654.5,1000,9216,wsl2-mmap-shm-fallback
53,209454.5,236915.2,27460.6,1000,9216,wsl2-mmap-shm-fallback
54,221538.5,206174.5,-15364.0,1000,9216,wsl2-mmap-shm-fallback
55,208979.6,203443.7,-5535.9,1000,9216,wsl2-mmap-shm-fallback
56,205714.3,216338.0,10623.7,1000,9216,wsl2-mmap-shm-fallback
57,203893.8,242526.3,38632.5,1000,9216,wsl2-mmap-shm-fallback
58,202105.3,206636.8,4531.5,1000,9216,wsl2-mmap-shm-fallback
59,210411.0,210892.4,481.5,1000,9216,wsl2-mmap-shm-fallback
60,228684.9,204345.9,-24339.0,1000,9216,wsl2-mmap-shm-fallback
61,238756.5,211862.1,-26894.4,1000,9216,wsl2-mmap-shm-fallback
62,200784.3,258151.3,57366.9,1000,9216,wsl2-mmap-shm-fallback
63,204345.9,261076.5,56730.6,1000,9216,wsl2-mmap-shm-fallback
64,205714.3,216338.0,10623.7,1000,9216,wsl2-mmap-shm-fallback
65,201222.7,226995.1,25772.4,1000,9216,wsl2-mmap-shm-fallback
66,201222.7,211376.1,10153.4,1000,9216,wsl2-mmap-shm-fallback
67,208506.8,207567.6,-939.2,1000,9216,wsl2-mmap-shm-fallback
68,201663.0,210892.4,9229.4,1000,9216,wsl2-mmap-shm-fallback
69,203443.7,211376.1,7932.4,1000,9216,wsl2-mmap-shm-fallback
70,209454.5,214325.6,4871.0,1000,9216,wsl2-mmap-shm-fallback
71,202995.6,225882.4,22886.8,1000,9216,wsl2-mmap-shm-fallback
72,198620.7,203893.8,5273.1,1000,9216,wsl2-mmap-shm-fallback
73,199480.5,208506.8,9026.3,1000,9216,wsl2-mmap-shm-fallback
74,201663.0,207101.1,5438.1,1000,9216,wsl2-mmap-shm-fallback
75,201663.0,208979.6,7316.6,1000,9216,wsl2-mmap-shm-fallback
76,219952.3,203893.8,-16058.5,1000,9216,wsl2-mmap-shm-fallback
77,201663.0,208036.1,6373.1,1000,9216,wsl2-mmap-shm-fallback
78,202995.6,208506.8,5511.2,1000,9216,wsl2-mmap-shm-fallback
79,200784.3,208506.8,7722.5,1000,9216,wsl2-mmap-shm-fallback
80,199480.5,209454.5,9974.0,1000,9216,wsl2-mmap-shm-fallback
81,203893.8,205256.1,1362.3,1000,9216,wsl2-mmap-shm-fallback
82,204345.9,209454.5,5108.6,1000,9216,wsl2-mmap-shm-fallback
83,201222.7,209454.5,8231.8,1000,9216,wsl2-mmap-shm-fallback
84,200347.8,249081.1,48733.3,1000,9216,wsl2-mmap-shm-fallback
85,226995.1,210411.0,-16584.1,1000,9216,wsl2-mmap-shm-fallback
86,200784.3,232727.3,31943.0,1000,9216,wsl2-mmap-shm-fallback
87,203893.8,208979.6,5085.8,1000,9216,wsl2-mmap-shm-fallback
88,198620.7,207567.6,8946.9,1000,9216,wsl2-mmap-shm-fallback
89,199049.7,209931.7,10882.0,1000,9216,wsl2-mmap-shm-fallback
90,200784.3,229825.4,29041.1,1000,9216,wsl2-mmap-shm-fallback
91,200784.3,229253.7,28469.4,1000,9216,wsl2-mmap-shm-fallback
92,210892.4,204345.9,-6546.6,1000,9216,wsl2-mmap-shm-fallback
93,229253.7,212350.2,-16903.5,1000,9216,wsl2-mmap-shm-fallback
94,218388.6,216338.0,-2050.6,1000,9216,wsl2-mmap-shm-fallback
95,209931.7,226995.1,17063.4,1000,9216,wsl2-mmap-shm-fallback
96,201222.7,213333.3,12110.6,1000,9216,wsl2-mmap-shm-fallback
97,206174.5,229253.7,23079.2,1000,9216,wsl2-mmap-shm-fallback
98,206636.8,207101.1,464.4,1000,9216,wsl2-mmap-shm-fallback
99,207101.1,215327.1,8226.0,1000,9216,wsl2-mmap-shm-fallback
