call_id,overhead_ns,emulation_mode
0,61,ebpf-noop-bpftrace
1,28,ebpf-noop-bpftrace
2,16,ebpf-noop-bpftrace
3,16,ebpf-noop-bpftrace
4,17,ebpf-noop-bpftrace
5,15,ebpf-noop-bpftrace
6,16,ebpf-noop-bpftrace
7,17,ebpf-noop-bpftrace
8,16,ebpf-noop-bpftrace
9,15,ebpf-noop-bpftrace
10,16,ebpf-noop-bpftrace
11,15,ebpf-noop-bpftrace
12,15,ebpf-noop-bpftrace
13,16,ebpf-noop-bpftrace
14,15,ebpf-noop-bpftrace
15,15,ebpf-noop-bpftrace
16,15,ebpf-noop-bpftrace
17,16,ebpf-noop-bpftrace
18,17,ebpf-noop-bpftrace
19,15,ebpf-noop-bpftrace
20,16,ebpf-noop-bpftrace
21,16,ebpf-noop-bpftrace
22,16,ebpf-noop-bpftrace
23,16,ebpf-noop-bpftrace
24,16,ebpf-noop-bpftrace
25,16,ebpf-noop-bpftrace
26,17,ebpf-noop-bpftrace
27,15,ebpf-noop-bpftrace
28,15,ebpf-noop-bpftrace
29,17,ebpf-noop-bpftrace
30,16,ebpf-noop-bpftrace
31,16,ebpf-noop-bpftrace
32,16,ebpf-noop-bpftrace
33,16,ebpf-noop-bpftrace
34,16,ebpf-noop-bpftrace
35,15,ebpf-noop-bpftrace
36,16,ebpf-noop-bpftrace
37,15,ebpf-noop-bpftrace
38,15,ebpf-noop-bpftrace
39,15,ebpf-noop-bpftrace
40,15,ebpf-noop-bpftrace
41,16,ebpf-noop-bpftrace
42,15,ebpf-noop-bpftrace
43,16,ebpf-noop-bpftrace
44,16,ebpf-noop-bpftrace
45,16,ebpf-noop-bpftrace
46,15,ebpf-noop-bpftrace
47,15,ebpf-noop-bpftrace
48,15,ebpf-noop-bpftrace
49,15,ebpf-noop-bpftrace
50,16,ebpf-noop-bpftrace
51,15,ebpf-noop-bpftrace
52,15,ebpf-noop-bpftrace
53,16,ebpf-noop-bpftrace
54,16,ebpf-noop-bpftrace
55,16,ebpf-noop-bpftrace
56,16,ebpf-noop-bpftrace
57,17,ebpf-noop-bpftrace
58,16,ebpf-noop-bpftrace
59,15,ebpf-noop-bpftrace
60,15,ebpf-noop-bpftrace
61,16,ebpf-noop-bpftrace
62,16,ebpf-noop-bpftrace
63,15,ebpf-noop-bpftrace
64,16,ebpf-noop-bpftrace
65,16,ebpf-noop-bpftrace
66,16,ebpf-noop-bpftrace
67,14,ebpf-noop-bpftrace
68,15,ebpf-noop-bpftrace
69,15,ebpf-noop-bpftrace
70,15,ebpf-noop-bpftrace
71,16,ebpf-noop-bpftrace
72,16,ebpf-noop-bpftrace
73,15,ebpf-noop-bpftrace
74,14,ebpf-noop-bpftrace
75,15,ebpf-noop-bpftrace
76,16,ebpf-noop-bpftrace
77,16,ebpf-noop-bpftrace
78,16,ebpf-noop-bpftrace
79,15,ebpf-noop-bpftrace
80,16,ebpf-noop-bpftrace
81,16,ebpf-noop-bpftrace
82,15,ebpf-noop-bpftrace
83,16,ebpf-noop-bpftrace
84,16,ebpf-noop-bpftrace
85,17,ebpf-noop-bpftrace
86,15,ebpf-noop-bpftrace
87,16,ebpf-noop-bpftrace
88,16,ebpf-noop-bpftrace
89,17,ebpf-noop-bpftrace
90,15,ebpf-noop-bpftrace
91,15,ebpf-noop-bpftrace
92,16,ebpf-noop-bpftrace
93,16,ebpf-noop-bpftrace
94,16,ebpf-noop-bpftrace
95,15,ebpf-noop-bpftrace
96,17,ebpf-noop-bpftrace
97,16,ebpf-noop-bpftrace
98,15,ebpf-noop-bpftrace
99,15,ebpf-noop-bpftrace
100,16,ebpf-noop-bpftrace
101,16,ebpf-noop-bpftrace
102,17,ebpf-noop-bpftrace
103,15,ebpf-noop-bpftrace
104,16,ebpf-noop-bpftrace
105,16,ebpf-noop-bpftrace
106,15,ebpf-noop-bpftrace
107,17,ebpf-noop-bpftrace
108,16,ebpf-noop-bpftrace
109,16,ebpf-noop-bpftrace
110,15,ebpf-noop-bpftrace
111,15,ebpf-noop-bpftrace
112,16,ebpf-noop-bpftrace
113,16,ebpf-noop-bpftrace
114,16,ebpf-noop-bpftrace
115,15,ebpf-noop-bpftrace
116,15,ebpf-noop-bpftrace
117,15,ebpf-noop-bpftrace
118,16,ebpf-noop-bpftrace
119,17,ebpf-noop-bpftrace
120,16,ebpf-noop-bpftrace
121,16,ebpf-noop-bpftrace
122,16,ebpf-noop-bpftrace
123,16,ebpf-noop-bpftrace
124,15,ebpf-noop-bpftrace
125,18,ebpf-noop-bpftrace
126,16,ebpf-noop-bpftrace
127,15,ebpf-noop-bpftrace
128,15,ebpf-noop-bpftrace
129,15,ebpf-noop-bpftrace
130,16,ebpf-noop-bpftrace
131,16,ebpf-noop-bpftrace
132,16,ebpf-noop-bpftrace
133,15,ebpf-noop-bpftrace
134,16,ebpf-noop-bpftrace
135,17,ebpf-noop-bpftrace
136,16,ebpf-noop-bpftrace
137,16,ebpf-noop-bpftrace
138,16,ebpf-noop-bpftrace
139,17,ebpf-noop-bpftrace
140,15,ebpf-noop-bpftrace
141,16,ebpf-noop-bpftrace
142,15,ebpf-noop-bpftrace
143,16,ebpf-noop-bpftrace
144,15,ebpf-noop-bpftrace
145,16,ebpf-noop-bpftrace
146,17,ebpf-noop-bpftrace
147,16,ebpf-noop-bpftrace
148,14,ebpf-noop-bpftrace
149,16,ebpf-noop-bpftrace
150,17,ebpf-noop-bpftrace
151,16,ebpf-noop-bpftrace
152,16,ebpf-noop-bpftrace
153,16,ebpf-noop-bpftrace
154,15,ebpf-noop-bpftrace
155,16,ebpf-noop-bpftrace
156,16,ebpf-noop-bpftrace
157,16,ebpf-noop-bpftrace
158,16,ebpf-noop-bpftrace
159,15,ebpf-noop-bpftrace
160,16,ebpf-noop-bpftrace
161,16,ebpf-noop-bpftrace
162,16,ebpf-noop-bpftrace
163,17,ebpf-noop-bpftrace
164,16,ebpf-noop-bpftrace
165,17,ebpf-noop-bpftrace
166,16,ebpf-noop-bpftrace
167,16,ebpf-noop-bpftrace
168,17,ebpf-noop-bpftrace
169,16,ebpf-noop-bpftrace
170,16,ebpf-noop-bpftrace
171,17,ebpf-noop-bpftrace
172,15,ebpf-noop-bpftrace
173,16,ebpf-noop-bpftrace
174,15,ebpf-noop-bpftrace
175,16,ebpf-noop-bpftrace
176,16,ebpf-noop-bpftrace
177,16,ebpf-noop-bpftrace
178,16,ebpf-noop-bpftrace
179,16,ebpf-noop-bpftrace
180,16,ebpf-noop-bpftrace
181,15,ebpf-noop-bpftrace
182,16,ebpf-noop-bpftrace
183,15,ebpf-noop-bpftrace
184,15,ebpf-noop-bpftrace
185,16,ebpf-noop-bpftrace
186,16,ebpf-noop-bpftrace
187,16,ebpf-noop-bpftrace
188,16,ebpf-noop-bpftrace
189,16,ebpf-noop-bpftrace
190,16,ebpf-noop-bpftrace
191,15,ebpf-noop-bpftrace
192,17,ebpf-noop-bpftrace
193,16,ebpf-noop-bpftrace
194,15,ebpf-noop-bpftrace
195,17,ebpf-noop-bpftrace
196,16,ebpf-noop-bpftrace
197,15,ebpf-noop-bpftrace
198,17,ebpf-noop-bpftrace
199,16,ebpf-noop-bpftrace
200,15,ebpf-noop-bpftrace
201,16,ebpf-noop-bpftrace
202,16,ebpf-noop-bpftrace
203,16,ebpf-noop-bpftrace
204,16,ebpf-noop-bpftrace
205,15,ebpf-noop-bpftrace
206,16,ebpf-noop-bpftrace
207,16,ebpf-noop-bpftrace
208,15,ebpf-noop-bpftrace
209,17,ebpf-noop-bpftrace
210,16,ebpf-noop-bpftrace
211,16,ebpf-noop-bpftrace
212,16,ebpf-noop-bpftrace
213,16,ebpf-noop-bpftrace
214,14,ebpf-noop-bpftrace
215,16,ebpf-noop-bpftrace
216,16,ebpf-noop-bpftrace
217,16,ebpf-noop-bpftrace
218,16,ebpf-noop-bpftrace
219,16,ebpf-noop-bpftrace
220,15,ebpf-noop-bpftrace
221,16,ebpf-noop-bpftrace
222,15,ebpf-noop-bpftrace
223,15,ebpf-noop-bpftrace
224,16,ebpf-noop-bpftrace
225,15,ebpf-noop-bpftrace
226,16,ebpf-noop-bpftrace
227,17,ebpf-noop-bpftrace
228,15,ebpf-noop-bpftrace
229,17,ebpf-noop-bpftrace
230,16,ebpf-noop-bpftrace
231,16,ebpf-noop-bpftrace
232,16,ebpf-noop-bpftrace
233,16,ebpf-noop-bpftrace
234,16,ebpf-noop-bpftrace
235,15,ebpf-noop-bpftrace
236,15,ebpf-noop-bpftrace
237,17,ebpf-noop-bpftrace
238,16,ebpf-noop-bpftrace
239,15,ebpf-noop-bpftrace
240,15,ebpf-noop-bpftrace
241,15,ebpf-noop-bpftrace
242,16,ebpf-noop-bpftrace
243,16,ebpf-noop-bpftrace
244,14,ebpf-noop-bpftrace
245,15,ebpf-noop-bpftrace
246,15,ebpf-noop-bpftrace
247,16,ebpf-noop-bpftrace
248,15,ebpf-noop-bpftrace
249,15,ebpf-noop-bpftrace
250,16,ebpf-noop-bpftrace
251,16,ebpf-noop-bpftrace
252,16,ebpf-noop-bpftrace
253,16,ebpf-noop-bpftrace
254,16,ebpf-noop-bpftrace
255,16,ebpf-noop-bpftrace
256,15,ebpf-noop-bpftrace
257,15,ebpf-noop-bpftrace
258,16,ebpf-noop-bpftrace
259,15,ebpf-noop-bpftrace
260,15,ebpf-noop-bpftrace
261,16,ebpf-noop-bpftrace
262,16,ebpf-noop-bpftrace
263,16,ebpf-noop-bpftrace
264,16,ebpf-noop-bpftrace
265,15,ebpf-noop-bpftrace
266,16,ebpf-noop-bpftrace
267,14,ebpf-noop-bpftrace
268,16,ebpf-noop-bpftrace
269,16,ebpf-noop-bpftrace
270,15,ebpf-noop-bpftrace
271,16,ebpf-noop-bpftrace
272,17,ebpf-noop-bpftrace
273,16,ebpf-noop-bpftrace
274,16,ebpf-noop-bpftrace
275,15,ebpf-noop-bpftrace
276,15,ebpf-noop-bpftrace
277,16,ebpf-noop-bpftrace
278,16,ebpf-noop-bpftrace
279,16,ebpf-noop-bpftrace
280,16,ebpf-noop-bpftrace
281,15,ebpf-noop-bpftrace
282,16,ebpf-noop-bpftrace
283,16,ebpf-noop-bpftrace
284,16,ebpf-noop-bpftrace
285,15,ebpf-noop-bpftrace
286,17,ebpf-noop-bpftrace
287,17,ebpf-noop-bpftrace
288,16,ebpf-noop-bpftrace
289,16,ebpf-noop-bpftrace
290,16,ebpf-noop-bpftrace
291,15,ebpf-noop-bpftrace
292,16,ebpf-noop-bpftrace
293,17,ebpf-noop-bpftrace
294,16,ebpf-noop-bpftrace
295,16,ebpf-noop-bpftrace
296,16,ebpf-noop-bpftrace
297,15,ebpf-noop-bpftrace
298,15,ebpf-noop-bpftrace
299,16,ebpf-noop-bpftrace
300,14,ebpf-noop-bpftrace
301,16,ebpf-noop-bpftrace
302,16,ebpf-noop-bpftrace
303,16,ebpf-noop-bpftrace
304,15,ebpf-noop-bpftrace
305,17,ebpf-noop-bpftrace
306,15,ebpf-noop-bpftrace
307,16,ebpf-noop-bpftrace
308,15,ebpf-noop-bpftrace
309,15,ebpf-noop-bpftrace
310,15,ebpf-noop-bpftrace
311,16,ebpf-noop-bpftrace
312,16,ebpf-noop-bpftrace
313,16,ebpf-noop-bpftrace
314,16,ebpf-noop-bpftrace
315,15,ebpf-noop-bpftrace
316,16,ebpf-noop-bpftrace
317,17,ebpf-noop-bpftrace
318,16,ebpf-noop-bpftrace
319,16,ebpf-noop-bpftrace
320,17,ebpf-noop-bpftrace
321,16,ebpf-noop-bpftrace
322,16,ebpf-noop-bpftrace
323,16,ebpf-noop-bpftrace
324,16,ebpf-noop-bpftrace
325,15,ebpf-noop-bpftrace
326,16,ebpf-noop-bpftrace
327,16,ebpf-noop-bpftrace
328,15,ebpf-noop-bpftrace
329,15,ebpf-noop-bpftrace
330,17,ebpf-noop-bpftrace
331,16,ebpf-noop-bpftrace
332,16,ebpf-noop-bpftrace
333,16,ebpf-noop-bpftrace
334,16,ebpf-noop-bpftrace
335,16,ebpf-noop-bpftrace
336,16,ebpf-noop-bpftrace
337,16,ebpf-noop-bpftrace
338,16,ebpf-noop-bpftrace
339,16,ebpf-noop-bpftrace
340,15,ebpf-noop-bpftrace
341,16,ebpf-noop-bpftrace
342,15,ebpf-noop-bpftrace
343,16,ebpf-noop-bpftrace
344,15,ebpf-noop-bpftrace
345,16,ebpf-noop-bpftrace
346,15,ebpf-noop-bpftrace
347,16,ebpf-noop-bpftrace
348,16,ebpf-noop-bpftrace
349,17,ebpf-noop-bpftrace
350,15,ebpf-noop-bpftrace
351,16,ebpf-noop-bpftrace
352,15,ebpf-noop-bpftrace
353,15,ebpf-noop-bpftrace
354,16,ebpf-noop-bpftrace
355,15,ebpf-noop-bpftrace
356,16,ebpf-noop-bpftrace
357,16,ebpf-noop-bpftrace
358,16,ebpf-noop-bpftrace
359,16,ebpf-noop-bpftrace
360,16,ebpf-noop-bpftrace
361,16,ebpf-noop-bpftrace
362,16,ebpf-noop-bpftrace
363,15,ebpf-noop-bpftrace
364,16,ebpf-noop-bpftrace
365,16,ebpf-noop-bpftrace
366,16,ebpf-noop-bpftrace
367,16,ebpf-noop-bpftrace
368,16,ebpf-noop-bpftrace
369,16,ebpf-noop-bpftrace
370,16,ebpf-noop-bpftrace
371,16,ebpf-noop-bpftrace
372,16,ebpf-noop-bpftrace
373,15,ebpf-noop-bpftrace
374,16,ebpf-noop-bpftrace
375,16,ebpf-noop-bpftrace
376,16,ebpf-noop-bpftrace
377,15,ebpf-noop-bpftrace
378,16,ebpf-noop-bpftrace
379,15,ebpf-noop-bpftrace
380,17,ebpf-noop-bpftrace
381,15,ebpf-noop-bpftrace
382,16,ebpf-noop-bpftrace
383,16,ebpf-noop-bpftrace
384,15,ebpf-noop-bpftrace
385,15,ebpf-noop-bpftrace
386,15,ebpf-noop-bpftrace
387,17,ebpf-noop-bpftrace
388,15,ebpf-noop-bpftrace
389,16,ebpf-noop-bpftrace
390,15,ebpf-noop-bpftrace
391,16,ebpf-noop-bpftrace
392,14,ebpf-noop-bpftrace
393,16,ebpf-noop-bpftrace
394,16,ebpf-noop-bpftrace
395,16,ebpf-noop-bpftrace
396,15,ebpf-noop-bpftrace
397,15,ebpf-noop-bpftrace
398,16,ebpf-noop-bpftrace
399,16,ebpf-noop-bpftrace
400,17,ebpf-noop-bpftrace
401,15,ebpf-noop-bpftrace
402,15,ebpf-noop-bpftrace
403,15,ebpf-noop-bpftrace
404,16,ebpf-noop-bpftrace
405,16,ebpf-noop-bpftrace
406,16,ebpf-noop-bpftrace
407,15,ebpf-noop-bpftrace
408,15,ebpf-noop-bpftrace
409,16,ebpf-noop-bpftrace
410,17,ebpf-noop-bpftrace
411,16,ebpf-noop-bpftrace
412,15,ebpf-noop-bpftrace
413,16,ebpf-noop-bpftrace
414,16,ebpf-noop-bpftrace
415,16,ebpf-noop-bpftrace
416,16,ebpf-noop-bpftrace
417,15,ebpf-noop-bpftrace
418,16,ebpf-noop-bpftrace
419,15,ebpf-noop-bpftrace
420,16,ebpf-noop-bpftrace
421,15,ebpf-noop-bpftrace
422,15,ebpf-noop-bpftrace
423,16,ebpf-noop-bpftrace
424,16,ebpf-noop-bpftrace
425,16,ebpf-noop-bpftrace
426,15,ebpf-noop-bpftrace
427,15,ebpf-noop-bpftrace
428,15,ebpf-noop-bpftrace
429,16,ebpf-noop-bpftrace
430,15,ebpf-noop-bpftrace
431,16,ebpf-noop-bpftrace
432,15,ebpf-noop-bpftrace
433,16,ebpf-noop-bpftrace
434,15,ebpf-noop-bpftrace
435,17,ebpf-noop-bpftrace
436,16,ebpf-noop-bpftrace
437,16,ebpf-noop-bpftrace
438,15,ebpf-noop-bpftrace
439,16,ebpf-noop-bpftrace
440,16,ebpf-noop-bpftrace
441,17,ebpf-noop-bpftrace
442,16,ebpf-noop-bpftrace
443,16,ebpf-noop-bpftrace
444,15,ebpf-noop-bpftrace
445,16,ebpf-noop-bpftrace
446,16,ebpf-noop-bpftrace
447,17,ebpf-noop-bpftrace
448,16,ebpf-noop-bpftrace
449,16,ebpf-noop-bpftrace
450,15,ebpf-noop-bpftrace
451,16,ebpf-noop-bpftrace
452,16,ebpf-noop-bpftrace
453,16,ebpf-noop-bpftrace
454,16,ebpf-noop-bpftrace
455,15,ebpf-noop-bpftrace
456,16,ebpf-noop-bpftrace
457,15,ebpf-noop-bpftrace
458,17,ebpf-noop-bpftrace
459,15,ebpf-noop-bpftrace
460,16,ebpf-noop-bpftrace
461,15,ebpf-noop-bpftrace
462,16,ebpf-noop-bpftrace
463,16,ebpf-noop-bpftrace
464,16,ebpf-noop-bpftrace
465,16,ebpf-noop-bpftrace
466,16,ebpf-noop-bpftrace
467,15,ebpf-noop-bpftrace
468,15,ebpf-noop-bpftrace
469,17,ebpf-noop-bpftrace
470,15,ebpf-noop-bpftrace
471,15,ebpf-noop-bpftrace
472,15,ebpf-noop-bpftrace
473,16,ebpf-noop-bpftrace
474,16,ebpf-noop-bpftrace
475,15,ebpf-noop-bpftrace
476,17,ebpf-noop-bpftrace
477,16,ebpf-noop-bpftrace
478,16,ebpf-noop-bpftrace
479,16,ebpf-noop-bpftrace
480,17,ebpf-noop-bpftrace
481,15,ebpf-noop-bpftrace
482,16,ebpf-noop-bpftrace
483,16,ebpf-noop-bpftrace
484,16,ebpf-noop-bpftrace
485,16,ebpf-noop-bpftrace
486,16,ebpf-noop-bpftrace
487,16,ebpf-noop-bpftrace
488,16,ebpf-noop-bpftrace
489,16,ebpf-noop-bpftrace
490,16,ebpf-noop-bpftrace
491,15,ebpf-noop-bpftrace
492,15,ebpf-noop-bpftrace
493,16,ebpf-noop-bpftrace
494,16,ebpf-noop-bpftrace
495,15,ebpf-noop-bpftrace
496,16,ebpf-noop-bpftrace
497,16,ebpf-noop-bpftrace
498,16,ebpf-noop-bpftrace
499,17,ebpf-noop-bpftrace
500,15,ebpf-noop-bpftrace
501,17,ebpf-noop-bpftrace
502,16,ebpf-noop-bpftrace
503,16,ebpf-noop-bpftrace
504,15,ebpf-noop-bpftrace
505,15,ebpf-noop-bpftrace
506,15,ebpf-noop-bpftrace
507,15,ebpf-noop-bpftrace
508,16,ebpf-noop-bpftrace
509,15,ebpf-noop-bpftrace
510,16,ebpf-noop-bpftrace
511,16,ebpf-noop-bpftrace
512,17,ebpf-noop-bpftrace
513,16,ebpf-noop-bpftrace
514,15,ebpf-noop-bpftrace
515,17,ebpf-noop-bpftrace
516,16,ebpf-noop-bpftrace
517,16,ebpf-noop-bpftrace
518,17,ebpf-noop-bpftrace
519,16,ebpf-noop-bpftrace
520,16,ebpf-noop-bpftrace
521,16,ebpf-noop-bpftrace
522,15,ebpf-noop-bpftrace
523,15,ebpf-noop-bpftrace
524,15,ebpf-noop-bpftrace
525,15,ebpf-noop-bpftrace
526,16,ebpf-noop-bpftrace
527,15,ebpf-noop-bpftrace
528,16,ebpf-noop-bpftrace
529,16,ebpf-noop-bpftrace
530,17,ebpf-noop-bpftrace
531,17,ebpf-noop-bpftrace
532,16,ebpf-noop-bpftrace
533,16,ebpf-noop-bpftrace
534,15,ebpf-noop-bpftrace
535,16,ebpf-noop-bpftrace
536,16,ebpf-noop-bpftrace
537,16,ebpf-noop-bpftrace
538,16,ebpf-noop-bpftrace
539,15,ebpf-noop-bpftrace
540,15,ebpf-noop-bpftrace
541,16,ebpf-noop-bpftrace
542,16,ebpf-noop-bpftrace
543,16,ebpf-noop-bpftrace
544,15,ebpf-noop-bpftrace
545,16,ebpf-noop-bpftrace
546,16,ebpf-noop-bpftrace
547,16,ebpf-noop-bpftrace
548,16,ebpf-noop-bpftrace
549,16,ebpf-noop-bpftrace
550,16,ebpf-noop-bpftrace
551,16,ebpf-noop-bpftrace
552,17,ebpf-noop-bpftrace
553,16,ebpf-noop-bpftrace
554,15,ebpf-noop-bpftrace
555,16,ebpf-noop-bpftrace
556,15,ebpf-noop-bpftrace
557,16,ebpf-noop-bpftrace
558,17,ebpf-noop-bpftrace
559,16,ebpf-noop-bpftrace
560,16,ebpf-noop-bpftrace
561,16,ebpf-noop-bpftrace
562,16,ebpf-noop-bpftrace
563,16,ebpf-noop-bpftrace
564,16,ebpf-noop-bpftrace
565,15,ebpf-noop-bpftrace
566,16,ebpf-noop-bpftrace
567,16,ebpf-noop-bpftrace
568,16,ebpf-noop-bpftrace
569,15,ebpf-noop-bpftrace
570,16,ebpf-noop-bpftrace
571,15,ebpf-noop-bpftrace
572,16,ebpf-noop-bpftrace
573,15,ebpf-noop-bpftrace
574,16,ebpf-noop-bpftrace
575,15,ebpf-noop-bpftrace
576,17,ebpf-noop-bpftrace
577,16,ebpf-noop-bpftrace
578,16,ebpf-noop-bpftrace
579,16,ebpf-noop-bpftrace
580,17,ebpf-noop-bpftrace
581,15,ebpf-noop-bpftrace
582,15,ebpf-noop-bpftrace
583,16,ebpf-noop-bpftrace
584,15,ebpf-noop-bpftrace
585,16,ebpf-noop-bpftrace
586,16,ebpf-noop-bpftrace
587,16,ebpf-noop-bpftrace
588,16,ebpf-noop-bpftrace
589,15,ebpf-noop-bpftrace
590,15,ebpf-noop-bpftrace
591,16,ebpf-noop-bpftrace
592,15,ebpf-noop-bpftrace
593,15,ebpf-noop-bpftrace
594,16,ebpf-noop-bpftrace
595,16,ebpf-noop-bpftrace
596,16,ebpf-noop-bpftrace
597,17,ebpf-noop-bpftrace
598,16,ebpf-noop-bpftrace
599,17,ebpf-noop-bpftrace
600,15,ebpf-noop-bpftrace
601,15,ebpf-noop-bpftrace
602,15,ebpf-noop-bpftrace
603,16,ebpf-noop-bpftrace
604,16,ebpf-noop-bpftrace
605,16,ebpf-noop-bpftrace
606,15,ebpf-noop-bpftrace
607,16,ebpf-noop-bpftrace
608,15,ebpf-noop-bpftrace
609,14,ebpf-noop-bpftrace
610,16,ebpf-noop-bpftrace
611,16,ebpf-noop-bpftrace
612,16,ebpf-noop-bpftrace
613,16,ebpf-noop-bpftrace
614,15,ebpf-noop-bpftrace
615,15,ebpf-noop-bpftrace
616,15,ebpf-noop-bpftrace
617,15,ebpf-noop-bpftrace
618,15,ebpf-noop-bpftrace
619,16,ebpf-noop-bpftrace
620,16,ebpf-noop-bpftrace
621,16,ebpf-noop-bpftrace
622,15,ebpf-noop-bpftrace
623,16,ebpf-noop-bpftrace
624,14,ebpf-noop-bpftrace
625,15,ebpf-noop-bpftrace
626,16,ebpf-noop-bpftrace
627,15,ebpf-noop-bpftrace
628,17,ebpf-noop-bpftrace
629,16,ebpf-noop-bpftrace
630,16,ebpf-noop-bpftrace
631,16,ebpf-noop-bpftrace
632,16,ebpf-noop-bpftrace
633,16,ebpf-noop-bpftrace
634,15,ebpf-noop-bpftrace
635,16,ebpf-noop-bpftrace
636,15,ebpf-noop-bpftrace
637,16,ebpf-noop-bpftrace
638,16,ebpf-noop-bpftrace
639,16,ebpf-noop-bpftrace
640,16,ebpf-noop-bpftrace
641,17,ebpf-noop-bpftrace
642,15,ebpf-noop-bpftrace
643,15,ebpf-noop-bpftrace
644,15,ebpf-noop-bpftrace
645,16,ebpf-noop-bpftrace
646,16,ebpf-noop-bpftrace
647,17,ebpf-noop-bpftrace
648,16,ebpf-noop-bpftrace
649,17,ebpf-noop-bpftrace
650,15,ebpf-noop-bpftrace
651,16,ebpf-noop-bpftrace
652,16,ebpf-noop-bpftrace
653,16,ebpf-noop-bpftrace
654,16,ebpf-noop-bpftrace
655,16,ebpf-noop-bpftrace
656,16,ebpf-noop-bpftrace
657,15,ebpf-noop-bpftrace
658,15,ebpf-noop-bpftrace
659,15,ebpf-noop-bpftrace
660,16,ebpf-noop-bpftrace
661,17,ebpf-noop-bpftrace
662,16,ebpf-noop-bpftrace
663,16,ebpf-noop-bpftrace
664,15,ebpf-noop-bpftrace
665,17,ebpf-noop-bpftrace
666,16,ebpf-noop-bpftrace
667,16,ebpf-noop-bpftrace
668,15,ebpf-noop-bpftrace
669,16,ebpf-noop-bpftrace
670,16,ebpf-noop-bpftrace
671,16,ebpf-noop-bpftrace
672,16,ebpf-noop-bpftrace
673,16,ebpf-noop-bpftrace
674,15,ebpf-noop-bpftrace
675,15,ebpf-noop-bpftrace
676,16,ebpf-noop-bpftrace
677,16,ebpf-noop-bpftrace
678,16,ebpf-noop-bpftrace
679,16,ebpf-noop-bpftrace
680,16,ebpf-noop-bpftrace
681,16,ebpf-noop-bpftrace
682,16,ebpf-noop-bpftrace
683,16,ebpf-noop-bpftrace
684,17,ebpf-noop-bpftrace
685,17,ebpf-noop-bpftrace
686,16,ebpf-noop-bpftrace
687,16,ebpf-noop-bpftrace
688,15,ebpf-noop-bpftrace
689,16,ebpf-noop-bpftrace
690,15,ebpf-noop-bpftrace
691,17,ebpf-noop-bpftrace
692,16,ebpf-noop-bpftrace
693,17,ebpf-noop-bpftrace
694,15,ebpf-noop-bpftrace
695,15,ebpf-noop-bpftrace
696,15,ebpf-noop-bpftrace
697,15,ebpf-noop-bpftrace
698,16,ebpf-noop-bpftrace
699,16,ebpf-noop-bpftrace
700,16,ebpf-noop-bpftrace
701,16,ebpf-noop-bpftrace
702,16,ebpf-noop-bpftrace
703,16,ebpf-noop-bpftrace
704,17,ebpf-noop-bpftrace
705,16,ebpf-noop-bpftrace
706,16,ebpf-noop-bpftrace
707,15,ebpf-noop-bpftrace
708,16,ebpf-noop-bpftrace
709,16,ebpf-noop-bpftrace
710,15,ebpf-noop-bpftrace
711,15,ebpf-noop-bpftrace
712,17,ebpf-noop-bpftrace
713,16,ebpf-noop-bpftrace
714,17,ebpf-noop-bpftrace
715,15,ebpf-noop-bpftrace
716,15,ebpf-noop-bpftrace
717,16,ebpf-noop-bpftrace
718,16,ebpf-noop-bpftrace
719,15,ebpf-noop-bpftrace
720,16,ebpf-noop-bpftrace
721,16,ebpf-noop-bpftrace
722,16,ebpf-noop-bpftrace
723,16,ebpf-noop-bpftrace
724,15,ebpf-noop-bpftrace
725,15,ebpf-noop-bpftrace
726,15,ebpf-noop-bpftrace
727,16,ebpf-noop-bpftrace
728,15,ebpf-noop-bpftrace
729,16,ebpf-noop-bpftrace
730,16,ebpf-noop-bpftrace
731,15,ebpf-noop-bpftrace
732,15,ebpf-noop-bpftrace
733,15,ebpf-noop-bpftrace
734,16,ebpf-noop-bpftrace
735,17,ebpf-noop-bpftrace
736,16,ebpf-noop-bpftrace
737,16,ebpf-noop-bpftrace
738,16,ebpf-noop-bpftrace
739,15,ebpf-noop-bpftrace
740,16,ebpf-noop-bpftrace
741,16,ebpf-noop-bpftrace
742,16,ebpf-noop-bpftrace
743,15,ebpf-noop-bpftrace
744,16,ebpf-noop-bpftrace
745,15,ebpf-noop-bpftrace
746,16,ebpf-noop-bpftrace
747,17,ebpf-noop-bpftrace
748,15,ebpf-noop-bpftrace
749,15,ebpf-noop-bpftrace
750,15,ebpf-noop-bpftrace
751,15,ebpf-noop-bpftrace
752,16,ebpf-noop-bpftrace
753,16,ebpf-noop-bpftrace
754,16,ebpf-noop-bpftrace
755,16,ebpf-noop-bpftrace
756,15,ebpf-noop-bpftrace
757,15,ebpf-noop-bpftrace
758,16,ebpf-noop-bpftrace
759,16,ebpf-noop-bpftrace
760,17,ebpf-noop-bpftrace
761,16,ebpf-noop-bpftrace
762,16,ebpf-noop-bpftrace
763,17,ebpf-noop-bpftrace
764,15,ebpf-noop-bpftrace
765,15,ebpf-noop-bpftrace
766,15,ebpf-noop-bpftrace
767,16,ebpf-noop-bpftrace
768,16,ebpf-noop-bpftrace
769,16,ebpf-noop-bpftrace
770,16,ebpf-noop-bpftrace
771,15,ebpf-noop-bpftrace
772,15,ebpf-noop-bpftrace
773,16,ebpf-noop-bpftrace
774,15,ebpf-noop-bpftrace
775,16,ebpf-noop-bpftrace
776,14,ebpf-noop-bpftrace
777,16,ebpf-noop-bpftrace
778,16,ebpf-noop-bpftrace
779,17,ebpf-noop-bpftrace
780,15,ebpf-noop-bpftrace
781,15,ebpf-noop-bpftrace
782,16,ebpf-noop-bpftrace
783,16,ebpf-noop-bpftrace
784,16,ebpf-noop-bpftrace
785,15,ebpf-noop-bpftrace
786,15,ebpf-noop-bpftrace
787,16,ebpf-noop-bpftrace
788,15,ebpf-noop-bpftrace
789,16,ebpf-noop-bpftrace
790,15,ebpf-noop-bpftrace
791,16,ebpf-noop-bpftrace
792,16,ebpf-noop-bpftrace
793,16,ebpf-noop-bpftrace
794,15,ebpf-noop-bpftrace
795,16,ebpf-noop-bpftrace
796,16,ebpf-noop-bpftrace
797,16,ebpf-noop-bpftrace
798,15,ebpf-noop-bpftrace
799,16,ebpf-noop-bpftrace
800,16,ebpf-noop-bpftrace
801,16,ebpf-noop-bpftrace
802,16,ebpf-noop-bpftrace
803,15,ebpf-noop-bpftrace
804,15,ebpf-noop-bpftrace
805,15,ebpf-noop-bpftrace
806,16,ebpf-noop-bpftrace
807,15,ebpf-noop-bpftrace
808,15,ebpf-noop-bpftrace
809,15,ebpf-noop-bpftrace
810,16,ebpf-noop-bpftrace
811,16,ebpf-noop-bpftrace
812,16,ebpf-noop-bpftrace
813,16,ebpf-noop-bpftrace
814,16,ebpf-noop-bpftrace
815,17,ebpf-noop-bpftrace
816,16,ebpf-noop-bpftrace
817,16,ebpf-noop-bpftrace
818,15,ebpf-noop-bpftrace
819,16,ebpf-noop-bpftrace
820,16,ebpf-noop-bpftrace
821,15,ebpf-noop-bpftrace
822,16,ebpf-noop-bpftrace
823,15,ebpf-noop-bpftrace
824,15,ebpf-noop-bpftrace
825,16,ebpf-noop-bpftrace
826,16,ebpf-noop-bpftrace
827,16,ebpf-noop-bpftrace
828,16,ebpf-noop-bpftrace
829,15,ebpf-noop-bpftrace
830,15,ebpf-noop-bpftrace
831,15,ebpf-noop-bpftrace
832,15,ebpf-noop-bpftrace
833,16,ebpf-noop-bpftrace
834,16,ebpf-noop-bpftrace
835,15,ebpf-noop-bpftrace
836,15,ebpf-noop-bpftrace
837,15,ebpf-noop-bpftrace
838,15,ebpf-noop-bpftrace
839,16,ebpf-noop-bpftrace
840,17,ebpf-noop-bpftrace
841,15,ebpf-noop-bpftrace
842,16,ebpf-noop-bpftrace
843,17,ebpf-noop-bpftrace
844,17,ebpf-noop-bpftrace
845,16,ebpf-noop-bpftrace
846,16,ebpf-noop-bpftrace
847,15,ebpf-noop-bpftrace
848,15,ebpf-noop-bpftrace
849,15,ebpf-noop-bpftrace
850,16,ebpf-noop-bpftrace
851,16,ebpf-noop-bpftrace
852,16,ebpf-noop-bpftrace
853,15,ebpf-noop-bpftrace
854,16,ebpf-noop-bpftrace
855,16,ebpf-noop-bpftrace
856,16,ebpf-noop-bpftrace
857,15,ebpf-noop-bpftrace
858,16,ebpf-noop-bpftrace
859,15,ebpf-noop-bpftrace
860,16,ebpf-noop-bpftrace
861,16,ebpf-noop-bpftrace
862,16,ebpf-noop-bpftrace
863,15,ebpf-noop-bpftrace
864,16,ebpf-noop-bpftrace
865,16,ebpf-noop-bpftrace
866,16,ebpf-noop-bpftrace
867,16,ebpf-noop-bpftrace
868,16,ebpf-noop-bpftrace
869,15,ebpf-noop-bpftrace
870,16,ebpf-noop-bpftrace
871,15,ebpf-noop-bpftrace
872,16,ebpf-noop-bpftrace
873,16,ebpf-noop-bpftrace
874,15,ebpf-noop-bpftrace
875,16,ebpf-noop-bpftrace
876,16,ebpf-noop-bpftrace
877,15,ebpf-noop-bpftrace
878,15,ebpf-noop-bpftrace
879,15,ebpf-noop-bpftrace
880,15,ebpf-noop-bpftrace
881,15,ebpf-noop-bpftrace
882,16,ebpf-noop-bpftrace
883,16,ebpf-noop-bpftrace
884,17,ebpf-noop-bpftrace
885,17,ebpf-noop-bpftrace
886,17,ebpf-noop-bpftrace
887,16,ebpf-noop-bpftrace
888,15,ebpf-noop-bpftrace
889,16,ebpf-noop-bpftrace
890,15,ebpf-noop-bpftrace
891,15,ebpf-noop-bpftrace
892,16,ebpf-noop-bpftrace
893,17,ebpf-noop-bpftrace
894,15,ebpf-noop-bpftrace
895,16,ebpf-noop-bpftrace
896,15,ebpf-noop-bpftrace
897,15,ebpf-noop-bpftrace
898,15,ebpf-noop-bpftrace
899,16,ebpf-noop-bpftrace
900,16,ebpf-noop-bpftrace
901,15,ebpf-noop-bpftrace
902,16,ebpf-noop-bpftrace
903,16,ebpf-noop-bpftrace
904,16,ebpf-noop-bpftrace
905,15,ebpf-noop-bpftrace
906,17,ebpf-noop-bpftrace
907,16,ebpf-noop-bpftrace
908,15,ebpf-noop-bpftrace
909,16,ebpf-noop-bpftrace
910,15,ebpf-noop-bpftrace
911,16,ebpf-noop-bpftrace
912,15,ebpf-noop-bpftrace
913,16,ebpf-noop-bpftrace
914,16,ebpf-noop-bpftrace
915,16,ebpf-noop-bpftrace
916,15,ebpf-noop-bpftrace
917,15,ebpf-noop-bpftrace
918,16,ebpf-noop-bpftrace
919,16,ebpf-noop-bpftrace
920,16,ebpf-noop-bpftrace
921,17,ebpf-noop-bpftrace
922,16,ebpf-noop-bpftrace
923,15,ebpf-noop-bpftrace
924,16,ebpf-noop-bpftrace
925,16,ebpf-noop-bpftrace
926,16,ebpf-noop-bpftrace
927,16,ebpf-noop-bpftrace
928,16,ebpf-noop-bpftrace
929,16,ebpf-noop-bpftrace
930,16,ebpf-noop-bpftrace
931,16,ebpf-noop-bpftrace
932,16,ebpf-noop-bpftrace
933,18,ebpf-noop-bpftrace
934,16,ebpf-noop-bpftrace
935,15,ebpf-noop-bpftrace
936,15,ebpf-noop-bpftrace
937,16,ebpf-noop-bpftrace
938,15,ebpf-noop-bpftrace
939,15,ebpf-noop-bpftrace
940,16,ebpf-noop-bpftrace
941,15,ebpf-noop-bpftrace
942,17,ebpf-noop-bpftrace
943,15,ebpf-noop-bpftrace
944,15,ebpf-noop-bpftrace
945,16,ebpf-noop-bpftrace
946,16,ebpf-noop-bpftrace
947,16,ebpf-noop-bpftrace
948,16,ebpf-noop-bpftrace
949,16,ebpf-noop-bpftrace
950,16,ebpf-noop-bpftrace
951,15,ebpf-noop-bpftrace
952,17,ebpf-noop-bpftrace
953,15,ebpf-noop-bpftrace
954,16,ebpf-noop-bpftrace
955,16,ebpf-noop-bpftrace
956,15,ebpf-noop-bpftrace
957,16,ebpf-noop-bpftrace
958,17,ebpf-noop-bpftrace
959,15,ebpf-noop-bpftrace
960,15,ebpf-noop-bpftrace
961,16,ebpf-noop-bpftrace
962,17,ebpf-noop-bpftrace
963,15,ebpf-noop-bpftrace
964,15,ebpf-noop-bpftrace
965,16,ebpf-noop-bpftrace
966,15,ebpf-noop-bpftrace
967,16,ebpf-noop-bpftrace
968,16,ebpf-noop-bpftrace
969,15,ebpf-noop-bpftrace
970,16,ebpf-noop-bpftrace
971,16,ebpf-noop-bpftrace
972,16,ebpf-noop-bpftrace
973,16,ebpf-noop-bpftrace
974,16,ebpf-noop-bpftrace
975,15,ebpf-noop-bpftrace
976,15,ebpf-noop-bpftrace
977,15,ebpf-noop-bpftrace
978,17,ebpf-noop-bpftrace
979,17,ebpf-noop-bpftrace
980,15,ebpf-noop-bpftrace
981,16,ebpf-noop-bpftrace
982,16,ebpf-noop-bpftrace
983,16,ebpf-noop-bpftrace
984,16,ebpf-noop-bpftrace
985,16,ebpf-noop-bpftrace
986,16,ebpf-noop-bpftrace
987,16,ebpf-noop-bpftrace
988,15,ebpf-noop-bpftrace
989,15,ebpf-noop-bpftrace
990,16,ebpf-noop-bpftrace
991,16,ebpf-noop-bpftrace
992,16,ebpf-noop-bpftrace
993,15,ebpf-noop-bpftrace
994,17,ebpf-noop-bpftrace
995,16,ebpf-noop-bpftrace
996,16,ebpf-noop-bpftrace
997,16,ebpf-noop-bpftrace
998,15,ebpf-noop-bpftrace
999,16,ebpf-noop-bpftrace
1000,17,ebpf-noop-bpftrace
1001,16,ebpf-noop-bpftrace
1002,15,ebpf-noop-bpftrace
1003,16,ebpf-noop-bpftrace
1004,17,ebpf-noop-bpftrace
1005,17,ebpf-noop-bpftrace
1006,16,ebpf-noop-bpftrace
1007,17,ebpf-noop-bpftrace
1008,16,ebpf-noop-bpftrace
1009,17,ebpf-noop-bpftrace
1010,16,ebpf-noop-bpftrace
1011,16,ebpf-noop-bpftrace
1012,16,ebpf-noop-bpftrace
1013,15,ebpf-noop-bpftrace
1014,16,ebpf-noop-bpftrace
1015,14,ebpf-noop-bpftrace
1016,15,ebpf-noop-bpftrace
1017,15,ebpf-noop-bpftrace
1018,16,ebpf-noop-bpftrace
1019,15,ebpf-noop-bpftrace
1020,16,ebpf-noop-bpftrace
1021,16,ebpf-noop-bpftrace
1022,16,ebpf-noop-bpftrace
1023,16,ebpf-noop-bpftrace
1024,15,ebpf-noop-bpftrace
1025,16,ebpf-noop-bpftrace
1026,16,ebpf-noop-bpftrace
1027,15,ebpf-noop-bpftrace
1028,15,ebpf-noop-bpftrace
1029,15,ebpf-noop-bpftrace
1030,16,ebpf-noop-bpftrace
1031,15,ebpf-noop-bpftrace
1032,15,ebpf-noop-bpftrace
1033,17,ebpf-noop-bpftrace
1034,16,ebpf-noop-bpftrace
1035,16,ebpf-noop-bpftrace
1036,15,ebpf-noop-bpftrace
1037,16,ebpf-noop-bpftrace
1038,16,ebpf-noop-bpftrace
1039,16,ebpf-noop-bpftrace
1040,15,ebpf-noop-bpftrace
1041,16,ebpf-noop-bpftrace
1042,16,ebpf-noop-bpftrace
1043,15,ebpf-noop-bpftrace
1044,15,ebpf-noop-bpftrace
1045,15,ebpf-noop-bpftrace
1046,14,ebpf-noop-bpftrace
1047,15,ebpf-noop-bpftrace
1048,16,ebpf-noop-bpftrace
1049,16,ebpf-noop-bpftrace
1050,15,ebpf-noop-bpftrace
1051,15,ebpf-noop-bpftrace
1052,17,ebpf-noop-bpftrace
1053,17,ebpf-noop-bpftrace
1054,16,ebpf-noop-bpftrace
1055,16,ebpf-noop-bpftrace
1056,16,ebpf-noop-bpftrace
1057,16,ebpf-noop-bpftrace
1058,17,ebpf-noop-bpftrace
1059,16,ebpf-noop-bpftrace
1060,16,ebpf-noop-bpftrace
1061,15,ebpf-noop-bpftrace
1062,15,ebpf-noop-bpftrace
1063,15,ebpf-noop-bpftrace
1064,16,ebpf-noop-bpftrace
1065,16,ebpf-noop-bpftrace
1066,16,ebpf-noop-bpftrace
1067,15,ebpf-noop-bpftrace
1068,16,ebpf-noop-bpftrace
1069,16,ebpf-noop-bpftrace
1070,16,ebpf-noop-bpftrace
1071,15,ebpf-noop-bpftrace
1072,15,ebpf-noop-bpftrace
1073,16,ebpf-noop-bpftrace
1074,17,ebpf-noop-bpftrace
1075,16,ebpf-noop-bpftrace
1076,16,ebpf-noop-bpftrace
1077,16,ebpf-noop-bpftrace
1078,15,ebpf-noop-bpftrace
1079,15,ebpf-noop-bpftrace
1080,16,ebpf-noop-bpftrace
1081,16,ebpf-noop-bpftrace
1082,16,ebpf-noop-bpftrace
1083,17,ebpf-noop-bpftrace
1084,16,ebpf-noop-bpftrace
1085,18,ebpf-noop-bpftrace
1086,16,ebpf-noop-bpftrace
1087,15,ebpf-noop-bpftrace
1088,17,ebpf-noop-bpftrace
1089,16,ebpf-noop-bpftrace
1090,16,ebpf-noop-bpftrace
1091,16,ebpf-noop-bpftrace
1092,15,ebpf-noop-bpftrace
1093,15,ebpf-noop-bpftrace
1094,16,ebpf-noop-bpftrace
1095,16,ebpf-noop-bpftrace
1096,16,ebpf-noop-bpftrace
1097,15,ebpf-noop-bpftrace
1098,16,ebpf-noop-bpftrace
1099,16,ebpf-noop-bpftrace
1100,15,ebpf-noop-bpftrace
1101,15,ebpf-noop-bpftrace
1102,22,ebpf-noop-bpftrace
1103,15,ebpf-noop-bpftrace
1104,14,ebpf-noop-bpftrace
1105,16,ebpf-noop-bpftrace
1106,16,ebpf-noop-bpftrace
1107,16,ebpf-noop-bpftrace
1108,15,ebpf-noop-bpftrace
1109,16,ebpf-noop-bpftrace
1110,16,ebpf-noop-bpftrace
1111,15,ebpf-noop-bpftrace
1112,16,ebpf-noop-bpftrace
1113,16,ebpf-noop-bpftrace
1114,16,ebpf-noop-bpftrace
1115,17,ebpf-noop-bpftrace
1116,16,ebpf-noop-bpftrace
1117,16,ebpf-noop-bpftrace
1118,15,ebpf-noop-bpftrace
1119,15,ebpf-noop-bpftrace
1120,16,ebpf-noop-bpftrace
1121,16,ebpf-noop-bpftrace
1122,15,ebpf-noop-bpftrace
1123,16,ebpf-noop-bpftrace
1124,16,ebpf-noop-bpftrace
1125,16,ebpf-noop-bpftrace
1126,16,ebpf-noop-bpftrace
1127,17,ebpf-noop-bpftrace
1128,16,ebpf-noop-bpftrace
1129,15,ebpf-noop-bpftrace
1130,15,ebpf-noop-bpftrace
1131,17,ebpf-noop-bpftrace
1132,15,ebpf-noop-bpftrace
1133,17,ebpf-noop-bpftrace
1134,16,ebpf-noop-bpftrace
1135,16,ebpf-noop-bpftrace
1136,16,ebpf-noop-bpftrace
1137,16,ebpf-noop-bpftrace
1138,17,ebpf-noop-bpftrace
1139,15,ebpf-noop-bpftrace
1140,16,ebpf-noop-bpftrace
1141,16,ebpf-noop-bpftrace
1142,17,ebpf-noop-bpftrace
1143,17,ebpf-noop-bpftrace
1144,15,ebpf-noop-bpftrace
1145,15,ebpf-noop-bpftrace
1146,16,ebpf-noop-bpftrace
1147,16,ebpf-noop-bpftrace
1148,16,ebpf-noop-bpftrace
1149,16,ebpf-noop-bpftrace
1150,16,ebpf-noop-bpftrace
1151,15,ebpf-noop-bpftrace
1152,17,ebpf-noop-bpftrace
1153,17,ebpf-noop-bpftrace
1154,17,ebpf-noop-bpftrace
1155,17,ebpf-noop-bpftrace
1156,17,ebpf-noop-bpftrace
1157,17,ebpf-noop-bpftrace
1158,16,ebpf-noop-bpftrace
1159,16,ebpf-noop-bpftrace
1160,16,ebpf-noop-bpftrace
1161,17,ebpf-noop-bpftrace
1162,16,ebpf-noop-bpftrace
1163,15,ebpf-noop-bpftrace
1164,15,ebpf-noop-bpftrace
1165,15,ebpf-noop-bpftrace
1166,16,ebpf-noop-bpftrace
1167,16,ebpf-noop-bpftrace
1168,16,ebpf-noop-bpftrace
1169,15,ebpf-noop-bpftrace
1170,15,ebpf-noop-bpftrace
1171,15,ebpf-noop-bpftrace
1172,15,ebpf-noop-bpftrace
1173,14,ebpf-noop-bpftrace
1174,16,ebpf-noop-bpftrace
1175,17,ebpf-noop-bpftrace
1176,17,ebpf-noop-bpftrace
1177,16,ebpf-noop-bpftrace
1178,16,ebpf-noop-bpftrace
1179,15,ebpf-noop-bpftrace
1180,15,ebpf-noop-bpftrace
1181,16,ebpf-noop-bpftrace
1182,16,ebpf-noop-bpftrace
1183,15,ebpf-noop-bpftrace
1184,15,ebpf-noop-bpftrace
1185,16,ebpf-noop-bpftrace
1186,16,ebpf-noop-bpftrace
1187,17,ebpf-noop-bpftrace
1188,15,ebpf-noop-bpftrace
1189,16,ebpf-noop-bpftrace
1190,16,ebpf-noop-bpftrace
1191,16,ebpf-noop-bpftrace
1192,15,ebpf-noop-bpftrace
1193,16,ebpf-noop-bpftrace
1194,15,ebpf-noop-bpftrace
1195,16,ebpf-noop-bpftrace
1196,16,ebpf-noop-bpftrace
1197,16,ebpf-noop-bpftrace
1198,16,ebpf-noop-bpftrace
1199,16,ebpf-noop-bpftrace
1200,16,ebpf-noop-bpftrace
1201,15,ebpf-noop-bpftrace
1202,15,ebpf-noop-bpftrace
1203,16,ebpf-noop-bpftrace
1204,16,ebpf-noop-bpftrace
1205,16,ebpf-noop-bpftrace
1206,16,ebpf-noop-bpftrace
1207,16,ebpf-noop-bpftrace
1208,17,ebpf-noop-bpftrace
1209,16,ebpf-noop-bpftrace
1210,15,ebpf-noop-bpftrace
1211,15,ebpf-noop-bpftrace
1212,16,ebpf-noop-bpftrace
1213,16,ebpf-noop-bpftrace
1214,15,ebpf-noop-bpftrace
1215,16,ebpf-noop-bpftrace
1216,16,ebpf-noop-bpftrace
1217,15,ebpf-noop-bpftrace
1218,16,ebpf-noop-bpftrace
1219,16,ebpf-noop-bpftrace
1220,15,ebpf-noop-bpftrace
1221,15,ebpf-noop-bpftrace
1222,16,ebpf-noop-bpftrace
1223,15,ebpf-noop-bpftrace
1224,15,ebpf-noop-bpftrace
1225,16,ebpf-noop-bpftrace
1226,17,ebpf-noop-bpftrace
1227,16,ebpf-noop-bpftrace
1228,15,ebpf-noop-bpftrace
1229,16,ebpf-noop-bpftrace
1230,16,ebpf-noop-bpftrace
1231,16,ebpf-noop-bpftrace
1232,15,ebpf-noop-bpftrace
1233,15,ebpf-noop-bpftrace
1234,16,ebpf-noop-bpftrace
1235,16,ebpf-noop-bpftrace
1236,15,ebpf-noop-bpftrace
1237,16,ebpf-noop-bpftrace
1238,16,ebpf-noop-bpftrace
1239,17,ebpf-noop-bpftrace
1240,15,ebpf-noop-bpftrace
1241,16,ebpf-noop-bpftrace
1242,16,ebpf-noop-bpftrace
1243,16,ebpf-noop-bpftrace
1244,16,ebpf-noop-bpftrace
1245,15,ebpf-noop-bpftrace
1246,15,ebpf-noop-bpftrace
1247,15,ebpf-noop-bpftrace
1248,16,ebpf-noop-bpftrace
1249,16,ebpf-noop-bpftrace
1250,16,ebpf-noop-bpftrace
1251,17,ebpf-noop-bpftrace
1252,17,ebpf-noop-bpftrace
1253,16,ebpf-noop-bpftrace
1254,15,ebpf-noop-bpftrace
1255,15,ebpf-noop-bpftrace
1256,15,ebpf-noop-bpftrace
1257,15,ebpf-noop-bpftrace
1258,15,ebpf-noop-bpftrace
1259,17,ebpf-noop-bpftrace
1260,15,ebpf-noop-bpftrace
1261,16,ebpf-noop-bpftrace
1262,16,ebpf-noop-bpftrace
1263,17,ebpf-noop-bpftrace
1264,16,ebpf-noop-bpftrace
1265,16,ebpf-noop-bpftrace
1266,16,ebpf-noop-bpftrace
1267,15,ebpf-noop-bpftrace
1268,16,ebpf-noop-bpftrace
1269,15,ebpf-noop-bpftrace
1270,16,ebpf-noop-bpftrace
1271,15,ebpf-noop-bpftrace
1272,15,ebpf-noop-bpftrace
1273,16,ebpf-noop-bpftrace
1274,16,ebpf-noop-bpftrace
1275,16,ebpf-noop-bpftrace
1276,16,ebpf-noop-bpftrace
1277,15,ebpf-noop-bpftrace
1278,16,ebpf-noop-bpftrace
1279,16,ebpf-noop-bpftrace
1280,15,ebpf-noop-bpftrace
1281,16,ebpf-noop-bpftrace
1282,16,ebpf-noop-bpftrace
1283,16,ebpf-noop-bpftrace
1284,15,ebpf-noop-bpftrace
1285,17,ebpf-noop-bpftrace
1286,15,ebpf-noop-bpftrace
1287,15,ebpf-noop-bpftrace
1288,16,ebpf-noop-bpftrace
1289,16,ebpf-noop-bpftrace
1290,15,ebpf-noop-bpftrace
1291,16,ebpf-noop-bpftrace
1292,16,ebpf-noop-bpftrace
1293,15,ebpf-noop-bpftrace
1294,16,ebpf-noop-bpftrace
1295,16,ebpf-noop-bpftrace
1296,15,ebpf-noop-bpftrace
1297,17,ebpf-noop-bpftrace
1298,16,ebpf-noop-bpftrace
1299,16,ebpf-noop-bpftrace
1300,14,ebpf-noop-bpftrace
1301,15,ebpf-noop-bpftrace
1302,16,ebpf-noop-bpftrace
1303,16,ebpf-noop-bpftrace
1304,17,ebpf-noop-bpftrace
1305,15,ebpf-noop-bpftrace
1306,17,ebpf-noop-bpftrace
1307,16,ebpf-noop-bpftrace
1308,16,ebpf-noop-bpftrace
1309,17,ebpf-noop-bpftrace
1310,16,ebpf-noop-bpftrace
1311,16,ebpf-noop-bpftrace
1312,17,ebpf-noop-bpftrace
1313,16,ebpf-noop-bpftrace
1314,15,ebpf-noop-bpftrace
1315,15,ebpf-noop-bpftrace
1316,15,ebpf-noop-bpftrace
1317,17,ebpf-noop-bpftrace
1318,17,ebpf-noop-bpftrace
1319,15,ebpf-noop-bpftrace
1320,16,ebpf-noop-bpftrace
1321,16,ebpf-noop-bpftrace
1322,15,ebpf-noop-bpftrace
1323,16,ebpf-noop-bpftrace
1324,16,ebpf-noop-bpftrace
1325,16,ebpf-noop-bpftrace
1326,15,ebpf-noop-bpftrace
1327,16,ebpf-noop-bpftrace
1328,16,ebpf-noop-bpftrace
1329,15,ebpf-noop-bpftrace
1330,18,ebpf-noop-bpftrace
1331,16,ebpf-noop-bpftrace
1332,15,ebpf-noop-bpftrace
1333,16,ebpf-noop-bpftrace
1334,16,ebpf-noop-bpftrace
1335,15,ebpf-noop-bpftrace
1336,17,ebpf-noop-bpftrace
1337,15,ebpf-noop-bpftrace
1338,16,ebpf-noop-bpftrace
1339,16,ebpf-noop-bpftrace
1340,16,ebpf-noop-bpftrace
1341,17,ebpf-noop-bpftrace
1342,18,ebpf-noop-bpftrace
1343,16,ebpf-noop-bpftrace
1344,17,ebpf-noop-bpftrace
1345,17,ebpf-noop-bpftrace
1346,15,ebpf-noop-bpftrace
1347,16,ebpf-noop-bpftrace
1348,17,ebpf-noop-bpftrace
1349,16,ebpf-noop-bpftrace
1350,16,ebpf-noop-bpftrace
1351,16,ebpf-noop-bpftrace
1352,16,ebpf-noop-bpftrace
1353,16,ebpf-noop-bpftrace
1354,16,ebpf-noop-bpftrace
1355,16,ebpf-noop-bpftrace
1356,15,ebpf-noop-bpftrace
1357,16,ebpf-noop-bpftrace
1358,17,ebpf-noop-bpftrace
1359,16,ebpf-noop-bpftrace
1360,16,ebpf-noop-bpftrace
1361,17,ebpf-noop-bpftrace
1362,16,ebpf-noop-bpftrace
1363,16,ebpf-noop-bpftrace
1364,15,ebpf-noop-bpftrace
1365,16,ebpf-noop-bpftrace
1366,15,ebpf-noop-bpftrace
1367,16,ebpf-noop-bpftrace
1368,17,ebpf-noop-bpftrace
1369,16,ebpf-noop-bpftrace
1370,16,ebpf-noop-bpftrace
1371,15,ebpf-noop-bpftrace
1372,16,ebpf-noop-bpftrace
1373,17,ebpf-noop-bpftrace
1374,16,ebpf-noop-bpftrace
1375,16,ebpf-noop-bpftrace
1376,17,ebpf-noop-bpftrace
1377,16,ebpf-noop-bpftrace
1378,15,ebpf-noop-bpftrace
1379,16,ebpf-noop-bpftrace
1380,16,ebpf-noop-bpftrace
1381,16,ebpf-noop-bpftrace
1382,16,ebpf-noop-bpftrace
1383,16,ebpf-noop-bpftrace
1384,17,ebpf-noop-bpftrace
1385,17,ebpf-noop-bpftrace
1386,16,ebpf-noop-bpftrace
1387,17,ebpf-noop-bpftrace
1388,17,ebpf-noop-bpftrace
1389,16,ebpf-noop-bpftrace
1390,16,ebpf-noop-bpftrace
1391,16,ebpf-noop-bpftrace
1392,15,ebpf-noop-bpftrace
1393,16,ebpf-noop-bpftrace
1394,17,ebpf-noop-bpftrace
1395,15,ebpf-noop-bpftrace
1396,16,ebpf-noop-bpftrace
1397,16,ebpf-noop-bpftrace
1398,15,ebpf-noop-bpftrace
1399,17,ebpf-noop-bpftrace
1400,17,ebpf-noop-bpftrace
1401,15,ebpf-noop-bpftrace
1402,16,ebpf-noop-bpftrace
1403,18,ebpf-noop-bpftrace
1404,15,ebpf-noop-bpftrace
1405,17,ebpf-noop-bpftrace
1406,15,ebpf-noop-bpftrace
1407,17,ebpf-noop-bpftrace
1408,16,ebpf-noop-bpftrace
1409,16,ebpf-noop-bpftrace
1410,17,ebpf-noop-bpftrace
1411,16,ebpf-noop-bpftrace
1412,16,ebpf-noop-bpftrace
1413,15,ebpf-noop-bpftrace
1414,16,ebpf-noop-bpftrace
1415,16,ebpf-noop-bpftrace
1416,15,ebpf-noop-bpftrace
1417,15,ebpf-noop-bpftrace
1418,16,ebpf-noop-bpftrace
1419,16,ebpf-noop-bpftrace
1420,15,ebpf-noop-bpftrace
1421,16,ebpf-noop-bpftrace
1422,16,ebpf-noop-bpftrace
1423,16,ebpf-noop-bpftrace
1424,17,ebpf-noop-bpftrace
1425,16,ebpf-noop-bpftrace
1426,15,ebpf-noop-bpftrace
1427,16,ebpf-noop-bpftrace
1428,15,ebpf-noop-bpftrace
1429,17,ebpf-noop-bpftrace
1430,17,ebpf-noop-bpftrace
1431,16,ebpf-noop-bpftrace
1432,16,ebpf-noop-bpftrace
1433,16,ebpf-noop-bpftrace
1434,16,ebpf-noop-bpftrace
1435,16,ebpf-noop-bpftrace
1436,17,ebpf-noop-bpftrace
1437,16,ebpf-noop-bpftrace
1438,16,ebpf-noop-bpftrace
1439,15,ebpf-noop-bpftrace
1440,15,ebpf-noop-bpftrace
1441,15,ebpf-noop-bpftrace
1442,15,ebpf-noop-bpftrace
1443,17,ebpf-noop-bpftrace
1444,15,ebpf-noop-bpftrace
1445,15,ebpf-noop-bpftrace
1446,16,ebpf-noop-bpftrace
1447,17,ebpf-noop-bpftrace
1448,16,ebpf-noop-bpftrace
1449,16,ebpf-noop-bpftrace
1450,17,ebpf-noop-bpftrace
1451,16,ebpf-noop-bpftrace
1452,16,ebpf-noop-bpftrace
1453,15,ebpf-noop-bpftrace
1454,16,ebpf-noop-bpftrace
1455,15,ebpf-noop-bpftrace
1456,16,ebpf-noop-bpftrace
1457,16,ebpf-noop-bpftrace
1458,16,ebpf-noop-bpftrace
1459,15,ebpf-noop-bpftrace
1460,15,ebpf-noop-bpftrace
1461,15,ebpf-noop-bpftrace
1462,15,ebpf-noop-bpftrace
1463,15,ebpf-noop-bpftrace
1464,16,ebpf-noop-bpftrace
1465,16,ebpf-noop-bpftrace
1466,16,ebpf-noop-bpftrace
1467,16,ebpf-noop-bpftrace
1468,15,ebpf-noop-bpftrace
1469,16,ebpf-noop-bpftrace
1470,16,ebpf-noop-bpftrace
1471,15,ebpf-noop-bpftrace
1472,16,ebpf-noop-bpftrace
1473,15,ebpf-noop-bpftrace
1474,15,ebpf-noop-bpftrace
1475,16,ebpf-noop-bpftrace
1476,16,ebpf-noop-bpftrace
1477,17,ebpf-noop-bpftrace
1478,16,ebpf-noop-bpftrace
1479,16,ebpf-noop-bpftrace
1480,16,ebpf-noop-bpftrace
1481,16,ebpf-noop-bpftrace
1482,16,ebpf-noop-bpftrace
1483,16,ebpf-noop-bpftrace
1484,15,ebpf-noop-bpftrace
1485,15,ebpf-noop-bpftrace
1486,15,ebpf-noop-bpftrace
1487,16,ebpf-noop-bpftrace
1488,15,ebpf-noop-bpftrace
1489,15,ebpf-noop-bpftrace
1490,16,ebpf-noop-bpftrace
1491,16,ebpf-noop-bpftrace
1492,17,ebpf-noop-bpftrace
1493,16,ebpf-noop-bpftrace
1494,15,ebpf-noop-bpftrace
1495,16,ebpf-noop-bpftrace
1496,17,ebpf-noop-bpftrace
1497,16,ebpf-noop-bpftrace
1498,16,ebpf-noop-bpftrace
1499,16,ebpf-noop-bpftrace
1500,17,ebpf-noop-bpftrace
1501,16,ebpf-noop-bpftrace
1502,16,ebpf-noop-bpftrace
1503,16,ebpf-noop-bpftrace
1504,15,ebpf-noop-bpftrace
1505,15,ebpf-noop-bpftrace
1506,16,ebpf-noop-bpftrace
1507,16,ebpf-noop-bpftrace
1508,16,ebpf-noop-bpftrace
1509,15,ebpf-noop-bpftrace
1510,15,ebpf-noop-bpftrace
1511,15,ebpf-noop-bpftrace
1512,15,ebpf-noop-bpftrace
1513,16,ebpf-noop-bpftrace
1514,15,ebpf-noop-bpftrace
1515,15,ebpf-noop-bpftrace
1516,16,ebpf-noop-bpftrace
1517,16,ebpf-noop-bpftrace
1518,16,ebpf-noop-bpftrace
1519,15,ebpf-noop-bpftrace
1520,14,ebpf-noop-bpftrace
1521,15,ebpf-noop-bpftrace
1522,16,ebpf-noop-bpftrace
1523,16,ebpf-noop-bpftrace
1524,16,ebpf-noop-bpftrace
1525,15,ebpf-noop-bpftrace
1526,16,ebpf-noop-bpftrace
1527,16,ebpf-noop-bpftrace
1528,16,ebpf-noop-bpftrace
1529,15,ebpf-noop-bpftrace
1530,16,ebpf-noop-bpftrace
1531,16,ebpf-noop-bpftrace
1532,16,ebpf-noop-bpftrace
1533,15,ebpf-noop-bpftrace
1534,15,ebpf-noop-bpftrace
1535,15,ebpf-noop-bpftrace
1536,16,ebpf-noop-bpftrace
1537,15,ebpf-noop-bpftrace
1538,16,ebpf-noop-bpftrace
1539,15,ebpf-noop-bpftrace
1540,16,ebpf-noop-bpftrace
1541,15,ebpf-noop-bpftrace
1542,15,ebpf-noop-bpftrace
1543,15,ebpf-noop-bpftrace
1544,16,ebpf-noop-bpftrace
1545,15,ebpf-noop-bpftrace
1546,16,ebpf-noop-bpftrace
1547,16,ebpf-noop-bpftrace
1548,15,ebpf-noop-bpftrace
1549,15,ebpf-noop-bpftrace
1550,15,ebpf-noop-bpftrace
1551,14,ebpf-noop-bpftrace
1552,15,ebpf-noop-bpftrace
1553,16,ebpf-noop-bpftrace
1554,15,ebpf-noop-bpftrace
1555,15,ebpf-noop-bpftrace
1556,16,ebpf-noop-bpftrace
1557,15,ebpf-noop-bpftrace
1558,16,ebpf-noop-bpftrace
1559,15,ebpf-noop-bpftrace
1560,15,ebpf-noop-bpftrace
1561,17,ebpf-noop-bpftrace
1562,16,ebpf-noop-bpftrace
1563,16,ebpf-noop-bpftrace
1564,16,ebpf-noop-bpftrace
1565,16,ebpf-noop-bpftrace
1566,16,ebpf-noop-bpftrace
1567,15,ebpf-noop-bpftrace
1568,16,ebpf-noop-bpftrace
1569,15,ebpf-noop-bpftrace
1570,16,ebpf-noop-bpftrace
1571,16,ebpf-noop-bpftrace
1572,16,ebpf-noop-bpftrace
1573,16,ebpf-noop-bpftrace
1574,16,ebpf-noop-bpftrace
1575,16,ebpf-noop-bpftrace
1576,16,ebpf-noop-bpftrace
1577,15,ebpf-noop-bpftrace
1578,17,ebpf-noop-bpftrace
1579,17,ebpf-noop-bpftrace
1580,15,ebpf-noop-bpftrace
1581,15,ebpf-noop-bpftrace
1582,16,ebpf-noop-bpftrace
1583,17,ebpf-noop-bpftrace
1584,15,ebpf-noop-bpftrace
1585,16,ebpf-noop-bpftrace
1586,16,ebpf-noop-bpftrace
1587,16,ebpf-noop-bpftrace
1588,15,ebpf-noop-bpftrace
1589,15,ebpf-noop-bpftrace
1590,16,ebpf-noop-bpftrace
1591,15,ebpf-noop-bpftrace
1592,15,ebpf-noop-bpftrace
1593,16,ebpf-noop-bpftrace
1594,15,ebpf-noop-bpftrace
1595,15,ebpf-noop-bpftrace
1596,15,ebpf-noop-bpftrace
1597,16,ebpf-noop-bpftrace
1598,17,ebpf-noop-bpftrace
1599,15,ebpf-noop-bpftrace
1600,16,ebpf-noop-bpftrace
1601,16,ebpf-noop-bpftrace
1602,16,ebpf-noop-bpftrace
1603,15,ebpf-noop-bpftrace
1604,17,ebpf-noop-bpftrace
1605,15,ebpf-noop-bpftrace
1606,15,ebpf-noop-bpftrace
1607,15,ebpf-noop-bpftrace
1608,16,ebpf-noop-bpftrace
1609,16,ebpf-noop-bpftrace
1610,16,ebpf-noop-bpftrace
1611,16,ebpf-noop-bpftrace
1612,16,ebpf-noop-bpftrace
1613,16,ebpf-noop-bpftrace
1614,16,ebpf-noop-bpftrace
1615,17,ebpf-noop-bpftrace
1616,17,ebpf-noop-bpftrace
1617,15,ebpf-noop-bpftrace
1618,16,ebpf-noop-bpftrace
1619,15,ebpf-noop-bpftrace
1620,16,ebpf-noop-bpftrace
1621,16,ebpf-noop-bpftrace
1622,16,ebpf-noop-bpftrace
1623,17,ebpf-noop-bpftrace
1624,16,ebpf-noop-bpftrace
1625,16,ebpf-noop-bpftrace
1626,16,ebpf-noop-bpftrace
1627,16,ebpf-noop-bpftrace
1628,16,ebpf-noop-bpftrace
1629,15,ebpf-noop-bpftrace
1630,16,ebpf-noop-bpftrace
1631,17,ebpf-noop-bpftrace
1632,16,ebpf-noop-bpftrace
1633,15,ebpf-noop-bpftrace
1634,15,ebpf-noop-bpftrace
1635,16,ebpf-noop-bpftrace
1636,17,ebpf-noop-bpftrace
1637,17,ebpf-noop-bpftrace
1638,16,ebpf-noop-bpftrace
1639,16,ebpf-noop-bpftrace
1640,15,ebpf-noop-bpftrace
1641,16,ebpf-noop-bpftrace
1642,16,ebpf-noop-bpftrace
1643,15,ebpf-noop-bpftrace
1644,16,ebpf-noop-bpftrace
1645,16,ebpf-noop-bpftrace
1646,15,ebpf-noop-bpftrace
1647,16,ebpf-noop-bpftrace
1648,15,ebpf-noop-bpftrace
1649,16,ebpf-noop-bpftrace
1650,15,ebpf-noop-bpftrace
1651,15,ebpf-noop-bpftrace
1652,16,ebpf-noop-bpftrace
1653,15,ebpf-noop-bpftrace
1654,15,ebpf-noop-bpftrace
1655,16,ebpf-noop-bpftrace
1656,16,ebpf-noop-bpftrace
1657,16,ebpf-noop-bpftrace
1658,16,ebpf-noop-bpftrace
1659,16,ebpf-noop-bpftrace
1660,15,ebpf-noop-bpftrace
1661,16,ebpf-noop-bpftrace
1662,15,ebpf-noop-bpftrace
1663,16,ebpf-noop-bpftrace
1664,16,ebpf-noop-bpftrace
1665,17,ebpf-noop-bpftrace
1666,16,ebpf-noop-bpftrace
1667,15,ebpf-noop-bpftrace
1668,16,ebpf-noop-bpftrace
1669,16,ebpf-noop-bpftrace
1670,16,ebpf-noop-bpftrace
1671,16,ebpf-noop-bpftrace
1672,15,ebpf-noop-bpftrace
1673,16,ebpf-noop-bpftrace
1674,15,ebpf-noop-bpftrace
1675,16,ebpf-noop-bpftrace
1676,15,ebpf-noop-bpftrace
1677,16,ebpf-noop-bpftrace
1678,16,ebpf-noop-bpftrace
1679,16,ebpf-noop-bpftrace
1680,15,ebpf-noop-bpftrace
1681,15,ebpf-noop-bpftrace
1682,16,ebpf-noop-bpftrace
1683,16,ebpf-noop-bpftrace
1684,16,ebpf-noop-bpftrace
1685,15,ebpf-noop-bpftrace
1686,16,ebpf-noop-bpftrace
1687,16,ebpf-noop-bpftrace
1688,17,ebpf-noop-bpftrace
1689,16,ebpf-noop-bpftrace
1690,16,ebpf-noop-bpftrace
1691,15,ebpf-noop-bpftrace
1692,16,ebpf-noop-bpftrace
1693,16,ebpf-noop-bpftrace
1694,16,ebpf-noop-bpftrace
1695,15,ebpf-noop-bpftrace
1696,15,ebpf-noop-bpftrace
1697,15,ebpf-noop-bpftrace
1698,16,ebpf-noop-bpftrace
1699,17,ebpf-noop-bpftrace
1700,16,ebpf-noop-bpftrace
1701,16,ebpf-noop-bpftrace
1702,16,ebpf-noop-bpftrace
1703,17,ebpf-noop-bpftrace
1704,15,ebpf-noop-bpftrace
1705,16,ebpf-noop-bpftrace
1706,16,ebpf-noop-bpftrace
1707,16,ebpf-noop-bpftrace
1708,16,ebpf-noop-bpftrace
1709,15,ebpf-noop-bpftrace
1710,15,ebpf-noop-bpftrace
1711,16,ebpf-noop-bpftrace
1712,15,ebpf-noop-bpftrace
1713,17,ebpf-noop-bpftrace
1714,17,ebpf-noop-bpftrace
1715,17,ebpf-noop-bpftrace
1716,17,ebpf-noop-bpftrace
1717,15,ebpf-noop-bpftrace
1718,16,ebpf-noop-bpftrace
1719,16,ebpf-noop-bpftrace
1720,16,ebpf-noop-bpftrace
1721,16,ebpf-noop-bpftrace
1722,15,ebpf-noop-bpftrace
1723,16,ebpf-noop-bpftrace
1724,15,ebpf-noop-bpftrace
1725,16,ebpf-noop-bpftrace
1726,15,ebpf-noop-bpftrace
1727,15,ebpf-noop-bpftrace
1728,15,ebpf-noop-bpftrace
1729,16,ebpf-noop-bpftrace
1730,14,ebpf-noop-bpftrace
1731,15,ebpf-noop-bpftrace
1732,16,ebpf-noop-bpftrace
1733,15,ebpf-noop-bpftrace
1734,14,ebpf-noop-bpftrace
1735,15,ebpf-noop-bpftrace
1736,14,ebpf-noop-bpftrace
1737,14,ebpf-noop-bpftrace
1738,16,ebpf-noop-bpftrace
1739,15,ebpf-noop-bpftrace
1740,15,ebpf-noop-bpftrace
1741,16,ebpf-noop-bpftrace
1742,16,ebpf-noop-bpftrace
1743,16,ebpf-noop-bpftrace
1744,16,ebpf-noop-bpftrace
1745,15,ebpf-noop-bpftrace
1746,16,ebpf-noop-bpftrace
1747,16,ebpf-noop-bpftrace
1748,15,ebpf-noop-bpftrace
1749,16,ebpf-noop-bpftrace
1750,16,ebpf-noop-bpftrace
1751,15,ebpf-noop-bpftrace
1752,16,ebpf-noop-bpftrace
1753,15,ebpf-noop-bpftrace
1754,16,ebpf-noop-bpftrace
1755,15,ebpf-noop-bpftrace
1756,17,ebpf-noop-bpftrace
1757,15,ebpf-noop-bpftrace
1758,16,ebpf-noop-bpftrace
1759,16,ebpf-noop-bpftrace
1760,15,ebpf-noop-bpftrace
1761,15,ebpf-noop-bpftrace
1762,16,ebpf-noop-bpftrace
1763,15,ebpf-noop-bpftrace
1764,16,ebpf-noop-bpftrace
1765,16,ebpf-noop-bpftrace
1766,15,ebpf-noop-bpftrace
1767,15,ebpf-noop-bpftrace
1768,16,ebpf-noop-bpftrace
1769,16,ebpf-noop-bpftrace
1770,16,ebpf-noop-bpftrace
1771,16,ebpf-noop-bpftrace
1772,15,ebpf-noop-bpftrace
1773,15,ebpf-noop-bpftrace
1774,16,ebpf-noop-bpftrace
1775,15,ebpf-noop-bpftrace
1776,16,ebpf-noop-bpftrace
1777,16,ebpf-noop-bpftrace
1778,15,ebpf-noop-bpftrace
1779,16,ebpf-noop-bpftrace
1780,16,ebpf-noop-bpftrace
1781,16,ebpf-noop-bpftrace
1782,15,ebpf-noop-bpftrace
1783,17,ebpf-noop-bpftrace
1784,16,ebpf-noop-bpftrace
1785,15,ebpf-noop-bpftrace
1786,16,ebpf-noop-bpftrace
1787,17,ebpf-noop-bpftrace
1788,14,ebpf-noop-bpftrace
1789,16,ebpf-noop-bpftrace
1790,16,ebpf-noop-bpftrace
1791,15,ebpf-noop-bpftrace
1792,15,ebpf-noop-bpftrace
1793,17,ebpf-noop-bpftrace
1794,16,ebpf-noop-bpftrace
1795,16,ebpf-noop-bpftrace
1796,15,ebpf-noop-bpftrace
1797,15,ebpf-noop-bpftrace
1798,15,ebpf-noop-bpftrace
1799,16,ebpf-noop-bpftrace
1800,15,ebpf-noop-bpftrace
1801,15,ebpf-noop-bpftrace
1802,16,ebpf-noop-bpftrace
1803,17,ebpf-noop-bpftrace
1804,15,ebpf-noop-bpftrace
1805,16,ebpf-noop-bpftrace
1806,15,ebpf-noop-bpftrace
1807,16,ebpf-noop-bpftrace
1808,15,ebpf-noop-bpftrace
1809,15,ebpf-noop-bpftrace
1810,16,ebpf-noop-bpftrace
1811,15,ebpf-noop-bpftrace
1812,14,ebpf-noop-bpftrace
1813,16,ebpf-noop-bpftrace
1814,16,ebpf-noop-bpftrace
1815,16,ebpf-noop-bpftrace
1816,15,ebpf-noop-bpftrace
1817,15,ebpf-noop-bpftrace
1818,15,ebpf-noop-bpftrace
1819,15,ebpf-noop-bpftrace
1820,16,ebpf-noop-bpftrace
1821,15,ebpf-noop-bpftrace
1822,16,ebpf-noop-bpftrace
1823,15,ebpf-noop-bpftrace
1824,15,ebpf-noop-bpftrace
1825,15,ebpf-noop-bpftrace
1826,15,ebpf-noop-bpftrace
1827,17,ebpf-noop-bpftrace
1828,16,ebpf-noop-bpftrace
1829,16,ebpf-noop-bpftrace
1830,15,ebpf-noop-bpftrace
1831,16,ebpf-noop-bpftrace
1832,15,ebpf-noop-bpftrace
1833,15,ebpf-noop-bpftrace
1834,16,ebpf-noop-bpftrace
1835,16,ebpf-noop-bpftrace
1836,15,ebpf-noop-bpftrace
1837,15,ebpf-noop-bpftrace
1838,15,ebpf-noop-bpftrace
1839,16,ebpf-noop-bpftrace
1840,16,ebpf-noop-bpftrace
1841,16,ebpf-noop-bpftrace
1842,15,ebpf-noop-bpftrace
1843,15,ebpf-noop-bpftrace
1844,15,ebpf-noop-bpftrace
1845,16,ebpf-noop-bpftrace
1846,16,ebpf-noop-bpftrace
1847,15,ebpf-noop-bpftrace
1848,15,ebpf-noop-bpftrace
1849,16,ebpf-noop-bpftrace
1850,15,ebpf-noop-bpftrace
1851,15,ebpf-noop-bpftrace
1852,15,ebpf-noop-bpftrace
1853,16,ebpf-noop-bpftrace
1854,15,ebpf-noop-bpftrace
1855,16,ebpf-noop-bpftrace
1856,15,ebpf-noop-bpftrace
1857,16,ebpf-noop-bpftrace
1858,16,ebpf-noop-bpftrace
1859,15,ebpf-noop-bpftrace
1860,15,ebpf-noop-bpftrace
1861,15,ebpf-noop-bpftrace
1862,14,ebpf-noop-bpftrace
1863,16,ebpf-noop-bpftrace
1864,15,ebpf-noop-bpftrace
1865,17,ebpf-noop-bpftrace
1866,15,ebpf-noop-bpftrace
1867,16,ebpf-noop-bpftrace
1868,15,ebpf-noop-bpftrace
1869,15,ebpf-noop-bpftrace
1870,16,ebpf-noop-bpftrace
1871,16,ebpf-noop-bpftrace
1872,17,ebpf-noop-bpftrace
1873,17,ebpf-noop-bpftrace
1874,16,ebpf-noop-bpftrace
1875,18,ebpf-noop-bpftrace
1876,17,ebpf-noop-bpftrace
1877,16,ebpf-noop-bpftrace
1878,15,ebpf-noop-bpftrace
1879,15,ebpf-noop-bpftrace
1880,15,ebpf-noop-bpftrace
1881,15,ebpf-noop-bpftrace
1882,17,ebpf-noop-bpftrace
1883,15,ebpf-noop-bpftrace
1884,16,ebpf-noop-bpftrace
1885,14,ebpf-noop-bpftrace
1886,15,ebpf-noop-bpftrace
1887,16,ebpf-noop-bpftrace
1888,15,ebpf-noop-bpftrace
1889,16,ebpf-noop-bpftrace
1890,15,ebpf-noop-bpftrace
1891,17,ebpf-noop-bpftrace
1892,16,ebpf-noop-bpftrace
1893,15,ebpf-noop-bpftrace
1894,16,ebpf-noop-bpftrace
1895,15,ebpf-noop-bpftrace
1896,16,ebpf-noop-bpftrace
1897,15,ebpf-noop-bpftrace
1898,16,ebpf-noop-bpftrace
1899,16,ebpf-noop-bpftrace
1900,16,ebpf-noop-bpftrace
1901,15,ebpf-noop-bpftrace
1902,15,ebpf-noop-bpftrace
1903,16,ebpf-noop-bpftrace
1904,16,ebpf-noop-bpftrace
1905,16,ebpf-noop-bpftrace
1906,17,ebpf-noop-bpftrace
1907,17,ebpf-noop-bpftrace
1908,17,ebpf-noop-bpftrace
1909,16,ebpf-noop-bpftrace
1910,15,ebpf-noop-bpftrace
1911,15,ebpf-noop-bpftrace
1912,16,ebpf-noop-bpftrace
1913,16,ebpf-noop-bpftrace
1914,16,ebpf-noop-bpftrace
1915,17,ebpf-noop-bpftrace
1916,16,ebpf-noop-bpftrace
1917,16,ebpf-noop-bpftrace
1918,15,ebpf-noop-bpftrace
1919,15,ebpf-noop-bpftrace
1920,15,ebpf-noop-bpftrace
1921,16,ebpf-noop-bpftrace
1922,15,ebpf-noop-bpftrace
1923,15,ebpf-noop-bpftrace
1924,16,ebpf-noop-bpftrace
1925,15,ebpf-noop-bpftrace
1926,15,ebpf-noop-bpftrace
1927,15,ebpf-noop-bpftrace
1928,15,ebpf-noop-bpftrace
1929,16,ebpf-noop-bpftrace
1930,16,ebpf-noop-bpftrace
1931,16,ebpf-noop-bpftrace
1932,16,ebpf-noop-bpftrace
1933,16,ebpf-noop-bpftrace
1934,15,ebpf-noop-bpftrace
1935,16,ebpf-noop-bpftrace
1936,15,ebpf-noop-bpftrace
1937,16,ebpf-noop-bpftrace
1938,16,ebpf-noop-bpftrace
1939,17,ebpf-noop-bpftrace
1940,17,ebpf-noop-bpftrace
1941,16,ebpf-noop-bpftrace
1942,16,ebpf-noop-bpftrace
1943,15,ebpf-noop-bpftrace
1944,14,ebpf-noop-bpftrace
1945,15,ebpf-noop-bpftrace
1946,15,ebpf-noop-bpftrace
1947,15,ebpf-noop-bpftrace
1948,16,ebpf-noop-bpftrace
1949,15,ebpf-noop-bpftrace
1950,16,ebpf-noop-bpftrace
1951,16,ebpf-noop-bpftrace
1952,15,ebpf-noop-bpftrace
1953,16,ebpf-noop-bpftrace
1954,16,ebpf-noop-bpftrace
1955,16,ebpf-noop-bpftrace
1956,16,ebpf-noop-bpftrace
1957,16,ebpf-noop-bpftrace
1958,16,ebpf-noop-bpftrace
1959,15,ebpf-noop-bpftrace
1960,16,ebpf-noop-bpftrace
1961,15,ebpf-noop-bpftrace
1962,15,ebpf-noop-bpftrace
1963,16,ebpf-noop-bpftrace
1964,17,ebpf-noop-bpftrace
1965,16,ebpf-noop-bpftrace
1966,16,ebpf-noop-bpftrace
1967,16,ebpf-noop-bpftrace
1968,16,ebpf-noop-bpftrace
1969,16,ebpf-noop-bpftrace
1970,17,ebpf-noop-bpftrace
1971,16,ebpf-noop-bpftrace
1972,16,ebpf-noop-bpftrace
1973,16,ebpf-noop-bpftrace
1974,16,ebpf-noop-bpftrace
1975,16,ebpf-noop-bpftrace
1976,15,ebpf-noop-bpftrace
1977,16,ebpf-noop-bpftrace
1978,15,ebpf-noop-bpftrace
1979,16,ebpf-noop-bpftrace
1980,16,ebpf-noop-bpftrace
1981,17,ebpf-noop-bpftrace
1982,17,ebpf-noop-bpftrace
1983,16,ebpf-noop-bpftrace
1984,16,ebpf-noop-bpftrace
1985,16,ebpf-noop-bpftrace
1986,15,ebpf-noop-bpftrace
1987,16,ebpf-noop-bpftrace
1988,15,ebpf-noop-bpftrace
1989,15,ebpf-noop-bpftrace
1990,16,ebpf-noop-bpftrace
1991,17,ebpf-noop-bpftrace
1992,16,ebpf-noop-bpftrace
1993,16,ebpf-noop-bpftrace
1994,16,ebpf-noop-bpftrace
1995,16,ebpf-noop-bpftrace
1996,15,ebpf-noop-bpftrace
1997,16,ebpf-noop-bpftrace
1998,15,ebpf-noop-bpftrace
1999,17,ebpf-noop-bpftrace
