slot,latency_us,deadline_miss,emulation_mode
0,525462.000,1,wsl2-mmap-shm-fallback
1,20791.000,1,wsl2-mmap-shm-fallback
2,20064.000,1,wsl2-mmap-shm-fallback
3,19210.000,1,wsl2-mmap-shm-fallback
4,27976.000,1,wsl2-mmap-shm-fallback
5,16654.000,1,wsl2-mmap-shm-fallback
6,16815.000,1,wsl2-mmap-shm-fallback
7,17576.000,1,wsl2-mmap-shm-fallback
8,18105.000,1,wsl2-mmap-shm-fallback
9,19503.000,1,wsl2-mmap-shm-fallback
10,20125.000,1,wsl2-mmap-shm-fallback
11,14499.000,1,wsl2-mmap-shm-fallback
12,15460.000,1,wsl2-mmap-shm-fallback
13,15346.000,1,wsl2-mmap-shm-fallback
14,18721.000,1,wsl2-mmap-shm-fallback
15,32170.000,1,wsl2-mmap-shm-fallback
16,20978.000,1,wsl2-mmap-shm-fallback
17,16259.000,1,wsl2-mmap-shm-fallback
18,24910.000,1,wsl2-mmap-shm-fallback
19,19051.000,1,wsl2-mmap-shm-fallback
20,18646.000,1,wsl2-mmap-shm-fallback
21,21681.000,1,wsl2-mmap-shm-fallback
22,18449.000,1,wsl2-mmap-shm-fallback
23,18814.000,1,wsl2-mmap-shm-fallback
24,18393.000,1,wsl2-mmap-shm-fallback
25,16587.000,1,wsl2-mmap-shm-fallback
26,18547.000,1,wsl2-mmap-shm-fallback
27,18424.000,1,wsl2-mmap-shm-fallback
28,18556.000,1,wsl2-mmap-shm-fallback
29,18445.000,1,wsl2-mmap-shm-fallback
30,17762.000,1,wsl2-mmap-shm-fallback
31,18630.000,1,wsl2-mmap-shm-fallback
32,18095.000,1,wsl2-mmap-shm-fallback
33,18054.000,1,wsl2-mmap-shm-fallback
34,19782.000,1,wsl2-mmap-shm-fallback
35,20208.000,1,wsl2-mmap-shm-fallback
36,18293.000,1,wsl2-mmap-shm-fallback
37,18214.000,1,wsl2-mmap-shm-fallback
38,18786.000,1,wsl2-mmap-shm-fallback
39,16465.000,1,wsl2-mmap-shm-fallback
40,20473.000,1,wsl2-mmap-shm-fallback
41,13429.000,1,wsl2-mmap-shm-fallback
42,16643.000,1,wsl2-mmap-shm-fallback
43,14645.000,1,wsl2-mmap-shm-fallback
44,12350.000,1,wsl2-mmap-shm-fallback
45,15504.000,1,wsl2-mmap-shm-fallback
46,18826.000,1,wsl2-mmap-shm-fallback
47,24614.000,1,wsl2-mmap-shm-fallback
48,14177.000,1,wsl2-mmap-shm-fallback
49,16249.000,1,wsl2-mmap-shm-fallback
50,14715.000,1,wsl2-mmap-shm-fallback
51,11464.000,1,wsl2-mmap-shm-fallback
52,23502.000,1,wsl2-mmap-shm-fallback
53,18967.000,1,wsl2-mmap-shm-fallback
54,24119.000,1,wsl2-mmap-shm-fallback
55,22409.000,1,wsl2-mmap-shm-fallback
56,22940.000,1,wsl2-mmap-shm-fallback
57,18736.000,1,wsl2-mmap-shm-fallback
58,15313.000,1,wsl2-mmap-shm-fallback
59,18456.000,1,wsl2-mmap-shm-fallback
60,15176.000,1,wsl2-mmap-shm-fallback
61,14151.000,1,wsl2-mmap-shm-fallback
62,19458.000,1,wsl2-mmap-shm-fallback
63,23361.000,1,wsl2-mmap-shm-fallback
64,12860.000,1,wsl2-mmap-shm-fallback
65,19633.000,1,wsl2-mmap-shm-fallback
66,18396.000,1,wsl2-mmap-shm-fallback
67,19473.000,1,wsl2-mmap-shm-fallback
68,18311.000,1,wsl2-mmap-shm-fallback
69,20805.000,1,wsl2-mmap-shm-fallback
70,19888.000,1,wsl2-mmap-shm-fallback
71,15914.000,1,wsl2-mmap-shm-fallback
72,17431.000,1,wsl2-mmap-shm-fallback
73,20788.000,1,wsl2-mmap-shm-fallback
74,21205.000,1,wsl2-mmap-shm-fallback
75,17698.000,1,wsl2-mmap-shm-fallback
76,17562.000,1,wsl2-mmap-shm-fallback
77,18314.000,1,wsl2-mmap-shm-fallback
78,17913.000,1,wsl2-mmap-shm-fallback
79,20023.000,1,wsl2-mmap-shm-fallback
80,19133.000,1,wsl2-mmap-shm-fallback
81,18135.000,1,wsl2-mmap-shm-fallback
82,17320.000,1,wsl2-mmap-shm-fallback
83,18358.000,1,wsl2-mmap-shm-fallback
84,21841.000,1,wsl2-mmap-shm-fallback
85,18545.000,1,wsl2-mmap-shm-fallback
86,18310.000,1,wsl2-mmap-shm-fallback
87,18399.000,1,wsl2-mmap-shm-fallback
88,17480.000,1,wsl2-mmap-shm-fallback
89,18815.000,1,wsl2-mmap-shm-fallback
90,18561.000,1,wsl2-mmap-shm-fallback
91,19306.000,1,wsl2-mmap-shm-fallback
92,17388.000,1,wsl2-mmap-shm-fallback
93,18096.000,1,wsl2-mmap-shm-fallback
94,20740.000,1,wsl2-mmap-shm-fallback
95,18850.000,1,wsl2-mmap-shm-fallback
96,20306.000,1,wsl2-mmap-shm-fallback
97,20889.000,1,wsl2-mmap-shm-fallback
98,22693.000,1,wsl2-mmap-shm-fallback
99,13366.000,1,wsl2-mmap-shm-fallback
